subject_code,subject_name,term,day,period,instructors,class_id,status,note
CHI101z,中国語第一,前学期,月,2,中村　孝子,"クラス1,クラス2,クラス7,クラス8,クラス11,クラス12",filled,
CHI101z,中国語第一,前学期,月,2,鷲巣　益美,"クラス1,クラス2,クラス7,クラス8,クラス11,クラス12",filled,
CHI101z,中国語第一,前学期,月,2,石野　智大,"クラス1,クラス2,クラス7,クラス8,クラス11,クラス12",filled,
CHI101z,中国語第一,前学期,月,2,木村　奈津子,"クラス1,クラス2,クラス7,クラス8,クラス11,クラス12",filled,
CHI101z,中国語第一,前学期,月,3,中村　孝子,"クラス3,クラス4,クラス5,クラス6,クラス9,クラス10",filled,
CHI101z,中国語第一,前学期,月,3,鷲巣　益美,"クラス3,クラス4,クラス5,クラス6,クラス9,クラス10",filled,
CHI101z,中国語第一,前学期,月,3,石野　智大,"クラス3,クラス4,クラス5,クラス6,クラス9,クラス10",filled,
CHI101z,中国語第一,前学期,月,3,木村　奈津子,"クラス3,クラス4,クラス5,クラス6,クラス9,クラス10",filled,
CHI101z,中国語第一(再履),前学期,月,4,鷲巣　益美,再履生,filled,4限枠は再履修クラスのため、指示によりクラスIDを「再履生」とし科目名に(再履)を付記した
CHI102z,選択中国語第一,前学期,木,2,小野　響,全クラス,filled,自由選択科目のため特定クラスに紐付かず、指示によりクラス指定なし(全クラス対象)として扱う
CHI102z,選択中国語第一,前学期,木,2,李　霊均（LI LINGJUN）,全クラス,filled,自由選択科目のため特定クラスに紐付かず、指示によりクラス指定なし(全クラス対象)として扱う
CHI102z,選択中国語第一,前学期,木,2,山元　貴尚,全クラス,filled,自由選択科目のため特定クラスに紐付かず、指示によりクラス指定なし(全クラス対象)として扱う
CHI102z,選択中国語第一,前学期,木,5,小野　響,全クラス,filled,自由選択科目のため特定クラスに紐付かず、指示によりクラス指定なし(全クラス対象)として扱う
CHI201z,中国語第二,後学期,月,2,中村　孝子,"クラス1,クラス2,クラス7,クラス8,クラス11,クラス12",filled,
CHI201z,中国語第二,後学期,月,2,鷲巣　益美,"クラス1,クラス2,クラス7,クラス8,クラス11,クラス12",filled,
CHI201z,中国語第二,後学期,月,2,石野　智大,"クラス1,クラス2,クラス7,クラス8,クラス11,クラス12",filled,
CHI201z,中国語第二,後学期,月,2,木村　奈津子,"クラス1,クラス2,クラス7,クラス8,クラス11,クラス12",filled,
CHI201z,中国語第二,後学期,月,3,中村　孝子,"クラス3,クラス4,クラス5,クラス6,クラス9,クラス10",filled,
CHI201z,中国語第二,後学期,月,3,鷲巣　益美,"クラス3,クラス4,クラス5,クラス6,クラス9,クラス10",filled,
CHI201z,中国語第二,後学期,月,3,石野　智大,"クラス3,クラス4,クラス5,クラス6,クラス9,クラス10",filled,
CHI201z,中国語第二,後学期,月,3,木村　奈津子,"クラス3,クラス4,クラス5,クラス6,クラス9,クラス10",filled,
CHI201z,中国語第二(再履),後学期,月,4,鷲巣　益美,再履生,filled,4限枠は再履修クラスのため、指示によりクラスIDを「再履生」とし科目名に(再履)を付記した
CHI202z,選択中国語第二,後学期,木,2,小野　響,全クラス,filled,自由選択科目のため特定クラスに紐付かず、指示によりクラス指定なし(全クラス対象)として扱う
CHI202z,選択中国語第二,後学期,木,2,李　霊均（LI LINGJUN）,全クラス,filled,自由選択科目のため特定クラスに紐付かず、指示によりクラス指定なし(全クラス対象)として扱う
CHI202z,選択中国語第二,後学期,木,2,山元　貴尚,全クラス,filled,自由選択科目のため特定クラスに紐付かず、指示によりクラス指定なし(全クラス対象)として扱う
CHI202z,選択中国語第二,後学期,木,5,小野　響,全クラス,filled,自由選択科目のため特定クラスに紐付かず、指示によりクラス指定なし(全クラス対象)として扱う
CHI301z,中国語演習,前学期,月,4,木村　奈津子,全クラス,filled,自由選択科目のため特定クラスに紐付かず、指示によりクラス指定なし(全クラス対象)として扱う
CHI301z,中国語演習,前学期,月,4,小野　響,全クラス,filled,自由選択科目のため特定クラスに紐付かず、指示によりクラス指定なし(全クラス対象)として扱う
CHI301z,中国語演習,前学期,木,1,山元　貴尚,全クラス,filled,自由選択科目のため特定クラスに紐付かず、指示によりクラス指定なし(全クラス対象)として扱う
CHI301z,中国語演習,前学期,木,1,李　霊均（LI LINGJUN）,全クラス,filled,自由選択科目のため特定クラスに紐付かず、指示によりクラス指定なし(全クラス対象)として扱う
CHI401z,中国語運用演習,後学期,月,4,木村　奈津子,全クラス,filled,自由選択科目のため特定クラスに紐付かず、指示によりクラス指定なし(全クラス対象)として扱う
CHI401z,中国語運用演習,後学期,月,4,小野　響,全クラス,filled,自由選択科目のため特定クラスに紐付かず、指示によりクラス指定なし(全クラス対象)として扱う
CHI401z,中国語運用演習,後学期,木,1,山元　貴尚,全クラス,filled,自由選択科目のため特定クラスに紐付かず、指示によりクラス指定なし(全クラス対象)として扱う
CHI401z,中国語運用演習,後学期,木,1,李　霊均（LI LINGJUN）,全クラス,filled,自由選択科目のため特定クラスに紐付かず、指示によりクラス指定なし(全クラス対象)として扱う
CHM102z,化学概論第一,前学期,月,2,山北　佳宏,クラス3,filled,
CHM102z,化学概論第一,前学期,月,2,加固　昌寛,クラス5,filled,
CHM102z,化学概論第一,前学期,火,1,池田　佑美,クラス1,filled,
CHM102z,化学概論第一,前学期,火,2,平野　誉,クラス7,filled,
CHM102z,化学概論第一,前学期,火,2,山登　正文,クラス6,filled,
CHM102z,化学概論第一,前学期,火,4,牧　昌次郎,クラス8,filled,
CHM102z,化学概論第一,前学期,火,4,田仲　真紀子,クラス10,filled,
CHM102z,化学概論第一,前学期,火,4,三輪　寛子,クラス11,filled,
CHM102z,化学概論第一,前学期,火,4,桑原　大介,クラス12,filled,
CHM102z,化学概論第一,前学期,木,1,池田　佑美,クラス4,filled,指示による(時間割上は「池田(佑)」表記)
CHM102z,化学概論第一,前学期,木,1,島田　恵理子,クラス9,filled,
CHM102z,化学概論第一,前学期,金,2,石田　尚行,クラス2,filled,指示による(化学概論第一担当の「石田（尚）」)
CHM401m,基礎物理化学,後学期,火,2,安井　正憲,"電子工学プログラム,光工学プログラム",filled,指示による
CHM401m,基礎物理化学,後学期,火,2,平田　修造,"物理工学プログラム,化学生命工学プログラム",filled,指示による
CHM401n,基礎物理化学,後学期,火,2,安井　正憲,"電子工学プログラム,光工学プログラム",filled,指示による
CHM401n,基礎物理化学,後学期,火,2,平田　修造,"物理工学プログラム,化学生命工学プログラム",filled,指示による
CHM401p,基礎物理化学,後学期,火,2,安井　正憲,"電子工学プログラム,光工学プログラム",filled,指示による
CHM401p,基礎物理化学,後学期,火,2,平田　修造,"物理工学プログラム,化学生命工学プログラム",filled,指示による
CHM401r,基礎物理化学,後学期,火,2,安井　正憲,"電子工学プログラム,光工学プログラム",filled,指示による
CHM401r,基礎物理化学,後学期,火,2,平田　修造,"物理工学プログラム,化学生命工学プログラム",filled,指示による
COM101z,コンピュータリテラシー,前学期,月,2,江木・椿本,クラス4,filled,
COM101z,コンピュータリテラシー,前学期,月,2,栗原　正純,クラス9,filled,
COM101z,コンピュータリテラシー,前学期,月,4,廣田・*竹内,クラス5,filled,
COM101z,コンピュータリテラシー,前学期,月,4,田中　基康,クラス6,filled,
COM101z,コンピュータリテラシー,前学期,火,3,高木　正則,クラス3,filled,
COM101z,コンピュータリテラシー,前学期,火,3,戸田・*笹倉,クラス10,filled,
COM101z,コンピュータリテラシー,前学期,水,1,王(港),クラス1,filled,
COM101z,コンピュータリテラシー,前学期,水,1,渡辺　博芳,クラス11,filled,
COM101z,コンピュータリテラシー,前学期,水,2,柏原　昭博,クラス8,filled,
COM101z,コンピュータリテラシー,前学期,水,2,栗原　正純,クラス12,filled,
COM101z,コンピュータリテラシー,前学期,木,3,八木　秀樹,クラス7,filled,
COM101z,コンピュータリテラシー,前学期,木,4,若月　光夫,クラス2,filled,
COM201z,基礎プログラミングおよび演習,後学期,月,2,江木・椿本,クラス9,filled,
COM201z,基礎プログラミングおよび演習,後学期,月,2,藤田　秀之,クラス10,filled,
COM201z,基礎プログラミングおよび演習,後学期,月,4,宮本　友樹,クラス5,filled,
COM201z,基礎プログラミングおよび演習,後学期,月,4,仲田　佳弘,クラス6,filled,
COM201z,基礎プログラミングおよび演習,後学期,火,2,工藤　俊亮,クラス4,filled,
COM201z,基礎プログラミングおよび演習,後学期,火,4,小宮　常康,クラス11,filled,
COM201z,基礎プログラミングおよび演習,後学期,水,2,橋山　智訓,クラス3,filled,
COM201z,基礎プログラミングおよび演習,後学期,水,2,稲葉・*笹倉,クラス12,filled,指示による
COM201z,基礎プログラミングおよび演習,後学期,木,3,本多　弘樹,クラス7,filled,
COM201z,基礎プログラミングおよび演習,後学期,木,3,渡辺　博芳,クラス8,filled,
COM201z,基礎プログラミングおよび演習,後学期,木,4,織田　健,クラス1,filled,
COM201z,基礎プログラミングおよび演習,後学期,木,4,兼岩　憲,クラス2,filled,
COM202a,情報領域演習第一,後学期,月,1,水野（統）・宮本・伊勢,Cクラス,filled,指示による
COM202a,情報領域演習第一,後学期,水,1,趙・工藤,Aクラス,filled,指示による
COM202a,情報領域演習第一,後学期,水,1,若月・清・小山（大）,Bクラス,filled,指示による
COM202b,情報領域演習第一,後学期,月,1,水野（統）・宮本・伊勢,Cクラス,filled,指示による
COM202b,情報領域演習第一,後学期,水,1,趙・工藤,Aクラス,filled,指示による
COM202b,情報領域演習第一,後学期,水,1,若月・清・小山（大）,Bクラス,filled,指示による
COM202c,情報領域演習第一,後学期,月,1,水野（統）・宮本・伊勢,Cクラス,filled,指示による
COM202c,情報領域演習第一,後学期,水,1,趙・工藤,Aクラス,filled,指示による
COM202c,情報領域演習第一,後学期,水,1,若月・清・小山（大）,Bクラス,filled,指示による
COM202d,情報領域演習第一,後学期,月,1,水野（統）・宮本・伊勢,Cクラス,filled,指示による
COM202d,情報領域演習第一,後学期,水,1,趙・工藤,Aクラス,filled,指示による
COM202d,情報領域演習第一,後学期,水,1,若月・清・小山（大）,Bクラス,filled,指示による
COM202e,情報領域演習第一,後学期,月,1,水野（統）・宮本・伊勢,Cクラス,filled,指示による
COM202e,情報領域演習第一,後学期,水,1,趙・工藤,Aクラス,filled,指示による
COM202e,情報領域演習第一,後学期,水,1,若月・清・小山（大）,Bクラス,filled,指示による
COM301a,計算機通論,前学期,月,2,小宮　常康,Bクラス,filled,
COM301a,計算機通論,前学期,木,4,三輪　忍,Aクラス,filled,
COM301a,計算機通論,前学期,木,4,鈴木　貢,Cクラス,filled,
COM301b,計算機通論,前学期,月,2,小宮　常康,Bクラス,filled,
COM301b,計算機通論,前学期,木,4,三輪　忍,Aクラス,filled,
COM301b,計算機通論,前学期,木,4,鈴木　貢,Cクラス,filled,
COM301c,計算機通論,前学期,月,2,小宮　常康,Bクラス,filled,
COM301c,計算機通論,前学期,木,4,三輪　忍,Aクラス,filled,
COM301c,計算機通論,前学期,木,4,鈴木　貢,Cクラス,filled,
COM301d,計算機通論,前学期,月,2,小宮　常康,Bクラス,filled,
COM301d,計算機通論,前学期,木,4,三輪　忍,Aクラス,filled,
COM301d,計算機通論,前学期,木,4,鈴木　貢,Cクラス,filled,
COM301e,計算機通論,前学期,月,2,小宮　常康,Bクラス,filled,
COM301e,計算機通論,前学期,木,4,三輪　忍,Aクラス,filled,
COM301e,計算機通論,前学期,木,4,鈴木　貢,Cクラス,filled,
COM301f,数値解析およびプログラミング演習,前学期,水,3,劉　志,"I1クラス,I2クラス,I3クラス",filled,
COM301f,数値解析およびプログラミング演習,前学期,水,4,劉　志,"I1クラス,I2クラス,I3クラス",filled,
COM301f,数値解析およびプログラミング演習,前学期,水,3,大坐畠　智,"I4クラス,I5クラス,I6クラス",filled,
COM301f,数値解析およびプログラミング演習,前学期,水,4,大坐畠　智,"I4クラス,I5クラス,I6クラス",filled,
COM301f,数値解析およびプログラミング演習,前学期,木,3,舩戸　徹郎,Mエリア,filled,
COM301f,数値解析およびプログラミング演習,前学期,木,4,舩戸　徹郎,Mエリア,filled,
COM301g,数値解析およびプログラミング演習,前学期,水,3,劉　志,"I1クラス,I2クラス,I3クラス",filled,
COM301g,数値解析およびプログラミング演習,前学期,水,4,劉　志,"I1クラス,I2クラス,I3クラス",filled,
COM301g,数値解析およびプログラミング演習,前学期,水,3,大坐畠　智,"I4クラス,I5クラス,I6クラス",filled,
COM301g,数値解析およびプログラミング演習,前学期,水,4,大坐畠　智,"I4クラス,I5クラス,I6クラス",filled,
COM301g,数値解析およびプログラミング演習,前学期,木,3,舩戸　徹郎,Mエリア,filled,
COM301g,数値解析およびプログラミング演習,前学期,木,4,舩戸　徹郎,Mエリア,filled,
COM301h,数値解析およびプログラミング演習,前学期,水,3,劉　志,"I1クラス,I2クラス,I3クラス",filled,
COM301h,数値解析およびプログラミング演習,前学期,水,4,劉　志,"I1クラス,I2クラス,I3クラス",filled,
COM301h,数値解析およびプログラミング演習,前学期,水,3,大坐畠　智,"I4クラス,I5クラス,I6クラス",filled,
COM301h,数値解析およびプログラミング演習,前学期,水,4,大坐畠　智,"I4クラス,I5クラス,I6クラス",filled,
COM301h,数値解析およびプログラミング演習,前学期,木,3,舩戸　徹郎,Mエリア,filled,
COM301h,数値解析およびプログラミング演習,前学期,木,4,舩戸　徹郎,Mエリア,filled,
COM301i,数値解析およびプログラミング演習,前学期,水,3,劉　志,"I1クラス,I2クラス,I3クラス",filled,
COM301i,数値解析およびプログラミング演習,前学期,水,4,劉　志,"I1クラス,I2クラス,I3クラス",filled,
COM301i,数値解析およびプログラミング演習,前学期,水,3,大坐畠　智,"I4クラス,I5クラス,I6クラス",filled,
COM301i,数値解析およびプログラミング演習,前学期,水,4,大坐畠　智,"I4クラス,I5クラス,I6クラス",filled,
COM301i,数値解析およびプログラミング演習,前学期,木,3,舩戸　徹郎,Mエリア,filled,
COM301i,数値解析およびプログラミング演習,前学期,木,4,舩戸　徹郎,Mエリア,filled,
COM301j,数値解析およびプログラミング演習,前学期,水,3,劉　志,"I1クラス,I2クラス,I3クラス",filled,
COM301j,数値解析およびプログラミング演習,前学期,水,4,劉　志,"I1クラス,I2クラス,I3クラス",filled,
COM301j,数値解析およびプログラミング演習,前学期,水,3,大坐畠　智,"I4クラス,I5クラス,I6クラス",filled,
COM301j,数値解析およびプログラミング演習,前学期,水,4,大坐畠　智,"I4クラス,I5クラス,I6クラス",filled,
COM301j,数値解析およびプログラミング演習,前学期,木,3,舩戸　徹郎,Mエリア,filled,
COM301j,数値解析およびプログラミング演習,前学期,木,4,舩戸　徹郎,Mエリア,filled,
COM301k,数値解析,前学期,月,3,久保木　孝,"Mエリア(1クラス),Mエリア(2クラス)",filled,
COM301k,数値解析,前学期,火,2,舩戸　徹郎,"Mエリア(3クラス),Mエリア(4クラス)",filled,
COM301m,数値解析,前学期,月,3,久保木　孝,"Mエリア(1クラス),Mエリア(2クラス)",filled,
COM301m,数値解析,前学期,火,2,舩戸　徹郎,"Mエリア(3クラス),Mエリア(4クラス)",filled,
COM301n,数値解析,前学期,月,3,久保木　孝,"Mエリア(1クラス),Mエリア(2クラス)",filled,
COM301n,数値解析,前学期,火,2,舩戸　徹郎,"Mエリア(3クラス),Mエリア(4クラス)",filled,
COM301p,数値解析,前学期,月,3,久保木　孝,"Mエリア(1クラス),Mエリア(2クラス)",filled,
COM301p,数値解析,前学期,火,2,舩戸　徹郎,"Mエリア(3クラス),Mエリア(4クラス)",filled,
COM301r,数値解析,前学期,月,3,久保木　孝,"Mエリア(1クラス),Mエリア(2クラス)",filled,
COM301r,数値解析,前学期,火,2,舩戸　徹郎,"Mエリア(3クラス),Mエリア(4クラス)",filled,
COM302a,論理設計学,前学期,木,4,吉永　努,Bクラス,filled,
COM302a,論理設計学,前学期,金,2,三輪　忍,Cクラス,filled,
COM302a,論理設計学,前学期,,,佐藤　証,Aクラス,filled,オンデマンド科目(指示による確認済み)。Aクラスは対面枠が無く、このオンデマンド版で受講する構成のためAクラスに割当
COM302b,論理設計学,前学期,木,4,吉永　努,Bクラス,filled,
COM302b,論理設計学,前学期,金,2,三輪　忍,Cクラス,filled,
COM302b,論理設計学,前学期,,,佐藤　証,Aクラス,filled,オンデマンド科目(指示による確認済み)。Aクラスは対面枠が無く、このオンデマンド版で受講する構成のためAクラスに割当
COM302c,論理設計学,前学期,木,4,吉永　努,Bクラス,filled,
COM302c,論理設計学,前学期,金,2,三輪　忍,Cクラス,filled,
COM302c,論理設計学,前学期,,,佐藤　証,Aクラス,filled,オンデマンド科目(指示による確認済み)。Aクラスは対面枠が無く、このオンデマンド版で受講する構成のためAクラスに割当
COM302d,論理設計学,前学期,木,4,吉永　努,Bクラス,filled,
COM302d,論理設計学,前学期,金,2,三輪　忍,Cクラス,filled,
COM302d,論理設計学,前学期,,,佐藤　証,Aクラス,filled,オンデマンド科目(指示による確認済み)。Aクラスは対面枠が無く、このオンデマンド版で受講する構成のためAクラスに割当
COM302e,論理設計学,前学期,木,4,吉永　努,Bクラス,filled,
COM302e,論理設計学,前学期,金,2,三輪　忍,Cクラス,filled,
COM302e,論理設計学,前学期,,,佐藤　証,Aクラス,filled,オンデマンド科目(指示による確認済み)。Aクラスは対面枠が無く、このオンデマンド版で受講する構成のためAクラスに割当
COM303a,プログラミング通論,前学期,火,3,橋本　直己,Bクラス,filled,
COM303a,プログラミング通論,前学期,火,3,丸山　一貴,Cクラス,filled,
COM303a,プログラミング通論,前学期,水,3,古賀　久志,Aクラス,filled,
COM303b,プログラミング通論,前学期,火,3,橋本　直己,Bクラス,filled,
COM303b,プログラミング通論,前学期,火,3,丸山　一貴,Cクラス,filled,
COM303b,プログラミング通論,前学期,水,3,古賀　久志,Aクラス,filled,
COM303c,プログラミング通論,前学期,火,3,橋本　直己,Bクラス,filled,
COM303c,プログラミング通論,前学期,火,3,丸山　一貴,Cクラス,filled,
COM303c,プログラミング通論,前学期,水,3,古賀　久志,Aクラス,filled,
COM303d,プログラミング通論,前学期,火,3,橋本　直己,Bクラス,filled,
COM303d,プログラミング通論,前学期,火,3,丸山　一貴,Cクラス,filled,
COM303d,プログラミング通論,前学期,水,3,古賀　久志,Aクラス,filled,
COM303e,プログラミング通論,前学期,火,3,橋本　直己,Bクラス,filled,
COM303e,プログラミング通論,前学期,火,3,丸山　一貴,Cクラス,filled,
COM303e,プログラミング通論,前学期,水,3,古賀　久志,Aクラス,filled,
COM304a,情報領域演習第二,前学期,火,4,三重野・関・渕本,Cクラス,filled,指示による
COM304a,情報領域演習第二,前学期,木,3,佐藤(光)・高橋(裕)・工藤・織田・中鹿,Aクラス,filled,
COM304a,情報領域演習第二,前学期,金,1,菅原・髙木(一)・長濱・軽部,Bクラス,filled,
COM304b,情報領域演習第二,前学期,火,4,三重野・関・渕本,Cクラス,filled,指示による
COM304b,情報領域演習第二,前学期,木,3,佐藤(光)・高橋(裕)・工藤・織田・中鹿,Aクラス,filled,
COM304b,情報領域演習第二,前学期,金,1,菅原・髙木(一)・長濱・軽部,Bクラス,filled,
COM304c,情報領域演習第二,前学期,火,4,三重野・関・渕本,Cクラス,filled,指示による
COM304c,情報領域演習第二,前学期,木,3,佐藤(光)・高橋(裕)・工藤・織田・中鹿,Aクラス,filled,
COM304c,情報領域演習第二,前学期,金,1,菅原・髙木(一)・長濱・軽部,Bクラス,filled,
COM304d,情報領域演習第二,前学期,火,4,三重野・関・渕本,Cクラス,filled,指示による
COM304d,情報領域演習第二,前学期,木,3,佐藤(光)・高橋(裕)・工藤・織田・中鹿,Aクラス,filled,
COM304d,情報領域演習第二,前学期,金,1,菅原・髙木(一)・長濱・軽部,Bクラス,filled,
COM304e,情報領域演習第二,前学期,火,4,三重野・関・渕本,Cクラス,filled,指示による
COM304e,情報領域演習第二,前学期,木,3,佐藤(光)・高橋(裕)・工藤・織田・中鹿,Aクラス,filled,
COM304e,情報領域演習第二,前学期,金,1,菅原・髙木(一)・長濱・軽部,Bクラス,filled,
COM401f,アルゴリズムとデータ構造およびプログラミング演習,後学期,金,1,李　陽,"セキュリティ情報学プログラム,情報通信工学プログラム",filled,
COM401f,アルゴリズムとデータ構造およびプログラミング演習,後学期,金,2,李　陽,"セキュリティ情報学プログラム,情報通信工学プログラム",filled,
COM401f,アルゴリズムとデータ構造およびプログラミング演習,後学期,金,1,WANG YUNTAO,Iエリア,filled,時間割が確定していないため履修対象を確定できない状態での暫定表記(指示による)
COM401f,アルゴリズムとデータ構造およびプログラミング演習,後学期,金,2,WANG YUNTAO,Iエリア,filled,時間割が確定していないため履修対象を確定できない状態での暫定表記(指示による)
COM401f,アルゴリズムとデータ構造およびプログラミング演習,後学期,金,5,小川　朋宏,再履生,filled,時間割上の明記はないが、シラバス上は再履生が受講する科目である旨の注釈(指示による)
COM401f,アルゴリズムとデータ構造およびプログラミング演習,後学期,金,6,小川　朋宏,再履生,filled,時間割上の明記はないが、シラバス上は再履生が受講する科目である旨の注釈(指示による)
COM401g,アルゴリズムとデータ構造およびプログラミング演習,後学期,金,1,李　陽,"セキュリティ情報学プログラム,情報通信工学プログラム",filled,
COM401g,アルゴリズムとデータ構造およびプログラミング演習,後学期,金,2,李　陽,"セキュリティ情報学プログラム,情報通信工学プログラム",filled,
COM401g,アルゴリズムとデータ構造およびプログラミング演習,後学期,金,1,WANG YUNTAO,Iエリア,filled,時間割が確定していないため履修対象を確定できない状態での暫定表記(指示による)
COM401g,アルゴリズムとデータ構造およびプログラミング演習,後学期,金,2,WANG YUNTAO,Iエリア,filled,時間割が確定していないため履修対象を確定できない状態での暫定表記(指示による)
COM401g,アルゴリズムとデータ構造およびプログラミング演習,後学期,金,5,小川　朋宏,再履生,filled,時間割上の明記はないが、シラバス上は再履生が受講する科目である旨の注釈(指示による)
COM401g,アルゴリズムとデータ構造およびプログラミング演習,後学期,金,6,小川　朋宏,再履生,filled,時間割上の明記はないが、シラバス上は再履生が受講する科目である旨の注釈(指示による)
COM401h,アルゴリズムとデータ構造およびプログラミング演習,後学期,金,1,李　陽,"セキュリティ情報学プログラム,情報通信工学プログラム",filled,
COM401h,アルゴリズムとデータ構造およびプログラミング演習,後学期,金,2,李　陽,"セキュリティ情報学プログラム,情報通信工学プログラム",filled,
COM401h,アルゴリズムとデータ構造およびプログラミング演習,後学期,金,1,WANG YUNTAO,Iエリア,filled,時間割が確定していないため履修対象を確定できない状態での暫定表記(指示による)
COM401h,アルゴリズムとデータ構造およびプログラミング演習,後学期,金,2,WANG YUNTAO,Iエリア,filled,時間割が確定していないため履修対象を確定できない状態での暫定表記(指示による)
COM401h,アルゴリズムとデータ構造およびプログラミング演習,後学期,金,5,小川　朋宏,再履生,filled,時間割上の明記はないが、シラバス上は再履生が受講する科目である旨の注釈(指示による)
COM401h,アルゴリズムとデータ構造およびプログラミング演習,後学期,金,6,小川　朋宏,再履生,filled,時間割上の明記はないが、シラバス上は再履生が受講する科目である旨の注釈(指示による)
COM401i,アルゴリズムとデータ構造およびプログラミング演習,後学期,金,1,李　陽,"セキュリティ情報学プログラム,情報通信工学プログラム",filled,
COM401i,アルゴリズムとデータ構造およびプログラミング演習,後学期,金,2,李　陽,"セキュリティ情報学プログラム,情報通信工学プログラム",filled,
COM401i,アルゴリズムとデータ構造およびプログラミング演習,後学期,金,1,WANG YUNTAO,Iエリア,filled,時間割が確定していないため履修対象を確定できない状態での暫定表記(指示による)
COM401i,アルゴリズムとデータ構造およびプログラミング演習,後学期,金,2,WANG YUNTAO,Iエリア,filled,時間割が確定していないため履修対象を確定できない状態での暫定表記(指示による)
COM401i,アルゴリズムとデータ構造およびプログラミング演習,後学期,金,5,小川　朋宏,再履生,filled,時間割上の明記はないが、シラバス上は再履生が受講する科目である旨の注釈(指示による)
COM401i,アルゴリズムとデータ構造およびプログラミング演習,後学期,金,6,小川　朋宏,再履生,filled,時間割上の明記はないが、シラバス上は再履生が受講する科目である旨の注釈(指示による)
COM401j,アルゴリズムとデータ構造およびプログラミング演習,後学期,金,1,李　陽,"セキュリティ情報学プログラム,情報通信工学プログラム",filled,
COM401j,アルゴリズムとデータ構造およびプログラミング演習,後学期,金,2,李　陽,"セキュリティ情報学プログラム,情報通信工学プログラム",filled,
COM401j,アルゴリズムとデータ構造およびプログラミング演習,後学期,金,1,WANG YUNTAO,Iエリア,filled,時間割が確定していないため履修対象を確定できない状態での暫定表記(指示による)
COM401j,アルゴリズムとデータ構造およびプログラミング演習,後学期,金,2,WANG YUNTAO,Iエリア,filled,時間割が確定していないため履修対象を確定できない状態での暫定表記(指示による)
COM401j,アルゴリズムとデータ構造およびプログラミング演習,後学期,金,5,小川　朋宏,再履生,filled,時間割上の明記はないが、シラバス上は再履生が受講する科目である旨の注釈(指示による)
COM401j,アルゴリズムとデータ構造およびプログラミング演習,後学期,金,6,小川　朋宏,再履生,filled,時間割上の明記はないが、シラバス上は再履生が受講する科目である旨の注釈(指示による)
COM401k,プログラミング演習,後学期,木,2,結城　宏信,"機械システムプログラム,電子工学プログラム,光工学プログラム,化学生命工学プログラム",filled,PDFのセル分割を確認し、Ⅲ類の物理工学プログラム以外の4プログラムが対象と判明(以前の「全15プログラム」表記は誤りだったため訂正)
COM401k,プログラミング演習,後学期,木,2,山鹿　汐音,物理工学プログラム,filled,指示に基づき担当教員別にプログラムを割当
COM401m,プログラミング演習,後学期,木,2,結城　宏信,"機械システムプログラム,電子工学プログラム,光工学プログラム,化学生命工学プログラム",filled,PDFのセル分割を確認し、Ⅲ類の物理工学プログラム以外の4プログラムが対象と判明(以前の「全15プログラム」表記は誤りだったため訂正)
COM401m,プログラミング演習,後学期,木,2,山鹿　汐音,物理工学プログラム,filled,指示に基づき担当教員別にプログラムを割当
COM401n,プログラミング演習,後学期,木,2,結城　宏信,"機械システムプログラム,電子工学プログラム,光工学プログラム,化学生命工学プログラム",filled,PDFのセル分割を確認し、Ⅲ類の物理工学プログラム以外の4プログラムが対象と判明(以前の「全15プログラム」表記は誤りだったため訂正)
COM401n,プログラミング演習,後学期,木,2,山鹿　汐音,物理工学プログラム,filled,指示に基づき担当教員別にプログラムを割当
COM401p,プログラミング演習,後学期,木,2,結城　宏信,"機械システムプログラム,電子工学プログラム,光工学プログラム,化学生命工学プログラム",filled,PDFのセル分割を確認し、Ⅲ類の物理工学プログラム以外の4プログラムが対象と判明(以前の「全15プログラム」表記は誤りだったため訂正)
COM401p,プログラミング演習,後学期,木,2,山鹿　汐音,物理工学プログラム,filled,指示に基づき担当教員別にプログラムを割当
COM401r,プログラミング演習,後学期,木,2,結城　宏信,"機械システムプログラム,電子工学プログラム,光工学プログラム,化学生命工学プログラム",filled,PDFのセル分割を確認し、Ⅲ類の物理工学プログラム以外の4プログラムが対象と判明(以前の「全15プログラム」表記は誤りだったため訂正)
COM401r,プログラミング演習,後学期,木,2,山鹿　汐音,物理工学プログラム,filled,指示に基づき担当教員別にプログラムを割当
COM402a,アルゴリズム論第一,後学期,火,4,大森・新谷,"コンピュータサイエンスプログラム,デザイン思考・データサイエンスプログラム",filled,
COM402a,アルゴリズム論第一,後学期,水,4,伊藤　大雄,"経営・社会情報学プログラム,情報数理工学プログラム,コンピュータサイエンスプログラム",filled,
COM402a,アルゴリズム論第一,後学期,木,4,庄野　逸,"メディア情報学プログラム,経営・社会情報学プログラム",filled,
COM402b,アルゴリズム論第一,後学期,火,4,大森・新谷,"コンピュータサイエンスプログラム,デザイン思考・データサイエンスプログラム",filled,
COM402b,アルゴリズム論第一,後学期,水,4,伊藤　大雄,"経営・社会情報学プログラム,情報数理工学プログラム,コンピュータサイエンスプログラム",filled,
COM402b,アルゴリズム論第一,後学期,木,4,庄野　逸,"メディア情報学プログラム,経営・社会情報学プログラム",filled,
COM402c,アルゴリズム論第一,後学期,火,4,大森・新谷,"コンピュータサイエンスプログラム,デザイン思考・データサイエンスプログラム",filled,
COM402c,アルゴリズム論第一,後学期,水,4,伊藤　大雄,"経営・社会情報学プログラム,情報数理工学プログラム,コンピュータサイエンスプログラム",filled,
COM402c,アルゴリズム論第一,後学期,木,4,庄野　逸,"メディア情報学プログラム,経営・社会情報学プログラム",filled,
COM402d,アルゴリズム論第一,後学期,火,4,大森・新谷,"コンピュータサイエンスプログラム,デザイン思考・データサイエンスプログラム",filled,
COM402d,アルゴリズム論第一,後学期,水,4,伊藤　大雄,"経営・社会情報学プログラム,情報数理工学プログラム,コンピュータサイエンスプログラム",filled,
COM402d,アルゴリズム論第一,後学期,木,4,庄野　逸,"メディア情報学プログラム,経営・社会情報学プログラム",filled,
COM402e,アルゴリズム論第一,後学期,火,4,大森・新谷,"コンピュータサイエンスプログラム,デザイン思考・データサイエンスプログラム",filled,
COM402e,アルゴリズム論第一,後学期,水,4,伊藤　大雄,"経営・社会情報学プログラム,情報数理工学プログラム,コンピュータサイエンスプログラム",filled,
COM402e,アルゴリズム論第一,後学期,木,4,庄野　逸,"メディア情報学プログラム,経営・社会情報学プログラム",filled,
COM403a,コンピュータネットワーク,後学期,月,2,佐藤　光哉,"メディア情報学プログラム,経営・社会情報学プログラム,デザイン思考・データサイエンスプログラム",filled,
COM403a,コンピュータネットワーク,後学期,月,2,湯　素華,"情報数理工学プログラム,コンピュータサイエンスプログラム",filled,
COM403b,コンピュータネットワーク,後学期,月,2,佐藤　光哉,"メディア情報学プログラム,経営・社会情報学プログラム,デザイン思考・データサイエンスプログラム",filled,
COM403b,コンピュータネットワーク,後学期,月,2,湯　素華,"情報数理工学プログラム,コンピュータサイエンスプログラム",filled,
COM403c,コンピュータネットワーク,後学期,月,2,佐藤　光哉,"メディア情報学プログラム,経営・社会情報学プログラム,デザイン思考・データサイエンスプログラム",filled,
COM403c,コンピュータネットワーク,後学期,月,2,湯　素華,"情報数理工学プログラム,コンピュータサイエンスプログラム",filled,
COM403d,コンピュータネットワーク,後学期,月,2,佐藤　光哉,"メディア情報学プログラム,経営・社会情報学プログラム,デザイン思考・データサイエンスプログラム",filled,
COM403d,コンピュータネットワーク,後学期,月,2,湯　素華,"情報数理工学プログラム,コンピュータサイエンスプログラム",filled,
COM403e,コンピュータネットワーク,後学期,月,2,佐藤　光哉,"メディア情報学プログラム,経営・社会情報学プログラム,デザイン思考・データサイエンスプログラム",filled,
COM403e,コンピュータネットワーク,後学期,月,2,湯　素華,"情報数理工学プログラム,コンピュータサイエンスプログラム",filled,
COM404a,コンピュータ設計論,後学期,金,2,吉永　努,"メディア情報学プログラム,経営・社会情報学プログラム,デザイン思考・データサイエンスプログラム",filled,
COM404a,コンピュータ設計論,後学期,金,3,策力木格,"情報数理工学プログラム,コンピュータサイエンスプログラム",filled,
COM404b,コンピュータ設計論,後学期,金,2,吉永　努,"メディア情報学プログラム,経営・社会情報学プログラム,デザイン思考・データサイエンスプログラム",filled,
COM404b,コンピュータ設計論,後学期,金,3,策力木格,"情報数理工学プログラム,コンピュータサイエンスプログラム",filled,
COM404c,コンピュータ設計論,後学期,金,2,吉永　努,"メディア情報学プログラム,経営・社会情報学プログラム,デザイン思考・データサイエンスプログラム",filled,
COM404c,コンピュータ設計論,後学期,金,3,策力木格,"情報数理工学プログラム,コンピュータサイエンスプログラム",filled,
COM404d,コンピュータ設計論,後学期,金,2,吉永　努,"メディア情報学プログラム,経営・社会情報学プログラム,デザイン思考・データサイエンスプログラム",filled,
COM404d,コンピュータ設計論,後学期,金,3,策力木格,"情報数理工学プログラム,コンピュータサイエンスプログラム",filled,
COM404e,コンピュータ設計論,後学期,金,2,吉永　努,"メディア情報学プログラム,経営・社会情報学プログラム,デザイン思考・データサイエンスプログラム",filled,
COM404e,コンピュータ設計論,後学期,金,3,策力木格,"情報数理工学プログラム,コンピュータサイエンスプログラム",filled,
COM405a,メディア情報学プログラミング演習,後学期,金,3,柳井　啓司,メディア情報学プログラム,filled,
COM405a,メディア情報学プログラミング演習,後学期,金,4,松野　省吾,デザイン思考・データサイエンスプログラム,filled,
COM405e,メディア情報学プログラミング演習,後学期,金,3,柳井　啓司,メディア情報学プログラム,filled,
COM405e,メディア情報学プログラミング演習,後学期,金,4,松野　省吾,デザイン思考・データサイエンスプログラム,filled,
COM405i,論理回路学,後学期,月,3,肖　鳳超,"情報通信工学プログラム,計測・制御システムプログラム",filled,
COM405i,論理回路学,後学期,木,2,範　公可,"電子情報学プログラム,先端ロボティクスプログラム",filled,
COM405j,論理回路学,後学期,月,3,肖　鳳超,"情報通信工学プログラム,計測・制御システムプログラム",filled,
COM405j,論理回路学,後学期,木,2,範　公可,"電子情報学プログラム,先端ロボティクスプログラム",filled,
COM501a,プログラミング言語実験,前学期,月,2,柏原・織田・庄野・若月,経営・社会情報学プログラム,filled,
COM501a,プログラミング言語実験,前学期,月,3,柏原・織田・庄野・若月,経営・社会情報学プログラム,filled,
COM501a,プログラミング言語実験,前学期,火,2,柏原・織田・庄野・若月,"メディア情報学プログラム,デザイン思考・データサイエンスプログラム",filled,
COM501a,プログラミング言語実験,前学期,火,3,柏原・織田・庄野・若月,"メディア情報学プログラム,デザイン思考・データサイエンスプログラム",filled,
COM501b,プログラミング言語実験,前学期,月,2,柏原・織田・庄野・若月,経営・社会情報学プログラム,filled,
COM501b,プログラミング言語実験,前学期,月,3,柏原・織田・庄野・若月,経営・社会情報学プログラム,filled,
COM501b,プログラミング言語実験,前学期,火,2,柏原・織田・庄野・若月,"メディア情報学プログラム,デザイン思考・データサイエンスプログラム",filled,
COM501b,プログラミング言語実験,前学期,火,3,柏原・織田・庄野・若月,"メディア情報学プログラム,デザイン思考・データサイエンスプログラム",filled,
COM501e,プログラミング言語実験,前学期,月,2,柏原・織田・庄野・若月,経営・社会情報学プログラム,filled,
COM501e,プログラミング言語実験,前学期,月,3,柏原・織田・庄野・若月,経営・社会情報学プログラム,filled,
COM501e,プログラミング言語実験,前学期,火,2,柏原・織田・庄野・若月,"メディア情報学プログラム,デザイン思考・データサイエンスプログラム",filled,
COM501e,プログラミング言語実験,前学期,火,3,柏原・織田・庄野・若月,"メディア情報学プログラム,デザイン思考・データサイエンスプログラム",filled,
COM501g,コンピュータネットワーク,前学期,火,3,大坐畠　智,セキュリティ情報学プログラム,filled,
COM501g,コンピュータネットワーク,前学期,水,3,KITSUWAN　NATTAPONG,"情報通信工学プログラム,電子情報学プログラム",filled_fallback,担当教員名は時間割画像と直接一致しなかったが、科目名・曜日・時限からクラスを一意に特定(教員名の一致は未確認・指示によりクラスのみ採用)
COM501h,コンピュータネットワーク,前学期,火,3,大坐畠　智,セキュリティ情報学プログラム,filled,
COM501h,コンピュータネットワーク,前学期,水,3,KITSUWAN　NATTAPONG,"情報通信工学プログラム,電子情報学プログラム",filled_fallback,担当教員名は時間割画像と直接一致しなかったが、科目名・曜日・時限からクラスを一意に特定(教員名の一致は未確認・指示によりクラスのみ採用)
COM505f,コンピュータネットワーク,前学期,火,3,大坐畠　智,セキュリティ情報学プログラム,filled,
COM505f,コンピュータネットワーク,前学期,水,3,KITSUWAN　NATTAPONG,"情報通信工学プログラム,電子情報学プログラム",filled_fallback,担当教員名は時間割画像と直接一致しなかったが、科目名・曜日・時限からクラスを一意に特定(教員名の一致は未確認・指示によりクラスのみ採用)
COM601b,ソフトウェア工学,後学期,水,2,佐藤　重幸,"情報数理工学プログラム,コンピュータサイエンスプログラム",filled,
COM601b,ソフトウェア工学,後学期,木,4,田原　康之,"メディア情報学プログラム,経営・社会情報学プログラム,デザイン思考・データサイエンスプログラム",filled,
COM602a,ソフトウェア工学,後学期,水,2,佐藤　重幸,"情報数理工学プログラム,コンピュータサイエンスプログラム",filled,
COM602a,ソフトウェア工学,後学期,木,4,田原　康之,"メディア情報学プログラム,経営・社会情報学プログラム,デザイン思考・データサイエンスプログラム",filled,
COM602e,ソフトウェア工学,後学期,水,2,佐藤　重幸,"情報数理工学プログラム,コンピュータサイエンスプログラム",filled,
COM602e,ソフトウェア工学,後学期,木,4,田原　康之,"メディア情報学プログラム,経営・社会情報学プログラム,デザイン思考・データサイエンスプログラム",filled,
COM603c,ソフトウェア工学,後学期,水,2,佐藤　重幸,"情報数理工学プログラム,コンピュータサイエンスプログラム",filled,
COM603c,ソフトウェア工学,後学期,木,4,田原　康之,"メディア情報学プログラム,経営・社会情報学プログラム,デザイン思考・データサイエンスプログラム",filled,
COM603d,ソフトウェア工学,後学期,水,2,佐藤　重幸,"情報数理工学プログラム,コンピュータサイエンスプログラム",filled,
COM603d,ソフトウェア工学,後学期,木,4,田原　康之,"メディア情報学プログラム,経営・社会情報学プログラム,デザイン思考・データサイエンスプログラム",filled,
ELE301a,電気・電子回路,前学期,月,1,水戸　和幸,"Aクラス,Bクラス",filled,
ELE301a,電気・電子回路,前学期,月,1,水野　統太,"Bクラス,Cクラス",filled,
ELE301b,電気・電子回路,前学期,月,1,水戸　和幸,"Aクラス,Bクラス",filled,
ELE301b,電気・電子回路,前学期,月,1,水野　統太,"Bクラス,Cクラス",filled,
ELE301c,電気・電子回路,前学期,月,1,水戸　和幸,"Aクラス,Bクラス",filled,
ELE301c,電気・電子回路,前学期,月,1,水野　統太,"Bクラス,Cクラス",filled,
ELE301d,電気・電子回路,前学期,月,1,水戸　和幸,"Aクラス,Bクラス",filled,
ELE301d,電気・電子回路,前学期,月,1,水野　統太,"Bクラス,Cクラス",filled,
ELE301e,電気・電子回路,前学期,月,1,水戸　和幸,"Aクラス,Bクラス",filled,
ELE301e,電気・電子回路,前学期,月,1,水野　統太,"Bクラス,Cクラス",filled,
ELE301f,基礎電気回路,前学期,月,2,内田　雅文,Mエリア,filled,
ELE301f,基礎電気回路,前学期,月,3,石川　亮,"I5クラス,I6クラス",filled,
ELE301f,基礎電気回路,前学期,火,4,西　一樹,"I3クラス,I4クラス",filled,指示による
ELE301f,基礎電気回路,前学期,金,2,張　熙,"I1クラス,I2クラス",filled,"PDFのセル分割を確認した結果、あずのメモ(Mエリア(2クラス))とは異なりI1クラス,I2クラスの位置だったため訂正(要確認)"
ELE301g,基礎電気回路,前学期,月,2,内田　雅文,Mエリア,filled,
ELE301g,基礎電気回路,前学期,月,3,石川　亮,"I5クラス,I6クラス",filled,
ELE301g,基礎電気回路,前学期,火,4,西　一樹,"I3クラス,I4クラス",filled,指示による
ELE301g,基礎電気回路,前学期,金,2,張　熙,"I1クラス,I2クラス",filled,"PDFのセル分割を確認した結果、あずのメモ(Mエリア(2クラス))とは異なりI1クラス,I2クラスの位置だったため訂正(要確認)"
ELE301h,基礎電気回路,前学期,月,2,内田　雅文,Mエリア,filled,
ELE301h,基礎電気回路,前学期,月,3,石川　亮,"I5クラス,I6クラス",filled,
ELE301h,基礎電気回路,前学期,火,4,西　一樹,"I3クラス,I4クラス",filled,指示による
ELE301h,基礎電気回路,前学期,金,2,張　熙,"I1クラス,I2クラス",filled,"PDFのセル分割を確認した結果、あずのメモ(Mエリア(2クラス))とは異なりI1クラス,I2クラスの位置だったため訂正(要確認)"
ELE301i,基礎電気回路,前学期,月,2,内田　雅文,Mエリア,filled,
ELE301i,基礎電気回路,前学期,月,3,石川　亮,"I5クラス,I6クラス",filled,
ELE301i,基礎電気回路,前学期,火,4,西　一樹,"I3クラス,I4クラス",filled,指示による
ELE301i,基礎電気回路,前学期,金,2,張　熙,"I1クラス,I2クラス",filled,"PDFのセル分割を確認した結果、あずのメモ(Mエリア(2クラス))とは異なりI1クラス,I2クラスの位置だったため訂正(要確認)"
ELE301j,基礎電気回路,前学期,月,2,内田　雅文,Mエリア,filled,
ELE301j,基礎電気回路,前学期,月,3,石川　亮,"I5クラス,I6クラス",filled,
ELE301j,基礎電気回路,前学期,火,4,西　一樹,"I3クラス,I4クラス",filled,指示による
ELE301j,基礎電気回路,前学期,金,2,張　熙,"I1クラス,I2クラス",filled,"PDFのセル分割を確認した結果、あずのメモ(Mエリア(2クラス))とは異なりI1クラス,I2クラスの位置だったため訂正(要確認)"
ELE301k,基礎電気回路,前学期,水,4,中村　信行,Mエリア(1クラス),filled,
ELE301k,基礎電気回路,前学期,金,3,武者　満,Mエリア(2クラス),filled,
ELE301k,基礎電気回路,前学期,金,3,中川　賢一,Mエリア(3クラス),filled,
ELE301k,基礎電気回路,前学期,金,3,曽我部　東馬,Mエリア(4クラス),filled,
ELE301m,基礎電気回路,前学期,水,4,中村　信行,Mエリア(1クラス),filled,
ELE301m,基礎電気回路,前学期,金,3,武者　満,Mエリア(2クラス),filled,
ELE301m,基礎電気回路,前学期,金,3,中川　賢一,Mエリア(3クラス),filled,
ELE301m,基礎電気回路,前学期,金,3,曽我部　東馬,Mエリア(4クラス),filled,
ELE301n,基礎電気回路,前学期,水,4,中村　信行,Mエリア(1クラス),filled,
ELE301n,基礎電気回路,前学期,金,3,武者　満,Mエリア(2クラス),filled,
ELE301n,基礎電気回路,前学期,金,3,中川　賢一,Mエリア(3クラス),filled,
ELE301n,基礎電気回路,前学期,金,3,曽我部　東馬,Mエリア(4クラス),filled,
ELE301p,基礎電気回路,前学期,水,4,中村　信行,Mエリア(1クラス),filled,
ELE301p,基礎電気回路,前学期,金,3,武者　満,Mエリア(2クラス),filled,
ELE301p,基礎電気回路,前学期,金,3,中川　賢一,Mエリア(3クラス),filled,
ELE301p,基礎電気回路,前学期,金,3,曽我部　東馬,Mエリア(4クラス),filled,
ELE301r,基礎電気回路,前学期,水,4,中村　信行,Mエリア(1クラス),filled,
ELE301r,基礎電気回路,前学期,金,3,武者　満,Mエリア(2クラス),filled,
ELE301r,基礎電気回路,前学期,金,3,中川　賢一,Mエリア(3クラス),filled,
ELE301r,基礎電気回路,前学期,金,3,曽我部　東馬,Mエリア(4クラス),filled,
ELE401g,回路システム学第一,後学期,水,3,範　公可,情報通信工学プログラム,filled,
ELE401g,回路システム学第一,後学期,木,3,和田　光司,電子情報学プログラム,filled,
ELE401h,論理回路学,後学期,月,3,肖　鳳超,"情報通信工学プログラム,計測・制御システムプログラム",filled,
ELE401h,論理回路学,後学期,木,2,範　公可,"電子情報学プログラム,先端ロボティクスプログラム",filled,
ELE401k,基礎電子回路,後学期,月,3,奥野　剛史,機械システムプログラム,filled,
ELE401k,基礎電子回路,後学期,月,3,美濃島　薫,電子工学プログラム,filled,PDF表記「基礎電子回路（クラスB）」＝電子工学プログラムと判明したため割当
ELE401k,基礎電子回路,後学期,月,3,岩國　加奈,物理工学プログラム,filled,PDF表記「基礎電子回路（クラスD）」＝物理工学プログラムと判明したため割当
ELE401k,基礎電子回路,後学期,金,2,沈　青,光工学プログラム,filled,PDF表記「基礎電子回路（クラスC）」＝光工学プログラムと判明したため割当
ELE401m,基礎電子回路,後学期,月,3,奥野　剛史,機械システムプログラム,filled,
ELE401m,基礎電子回路,後学期,月,3,美濃島　薫,電子工学プログラム,filled,PDF表記「基礎電子回路（クラスB）」＝電子工学プログラムと判明したため割当
ELE401m,基礎電子回路,後学期,月,3,岩國　加奈,物理工学プログラム,filled,PDF表記「基礎電子回路（クラスD）」＝物理工学プログラムと判明したため割当
ELE401m,基礎電子回路,後学期,金,2,沈　青,光工学プログラム,filled,PDF表記「基礎電子回路（クラスC）」＝光工学プログラムと判明したため割当
ELE401n,基礎電子回路,後学期,月,3,奥野　剛史,機械システムプログラム,filled,
ELE401n,基礎電子回路,後学期,月,3,美濃島　薫,電子工学プログラム,filled,PDF表記「基礎電子回路（クラスB）」＝電子工学プログラムと判明したため割当
ELE401n,基礎電子回路,後学期,月,3,岩國　加奈,物理工学プログラム,filled,PDF表記「基礎電子回路（クラスD）」＝物理工学プログラムと判明したため割当
ELE401n,基礎電子回路,後学期,金,2,沈　青,光工学プログラム,filled,PDF表記「基礎電子回路（クラスC）」＝光工学プログラムと判明したため割当
ELE401p,基礎電子回路,後学期,月,3,奥野　剛史,機械システムプログラム,filled,
ELE401p,基礎電子回路,後学期,月,3,美濃島　薫,電子工学プログラム,filled,PDF表記「基礎電子回路（クラスB）」＝電子工学プログラムと判明したため割当
ELE401p,基礎電子回路,後学期,月,3,岩國　加奈,物理工学プログラム,filled,PDF表記「基礎電子回路（クラスD）」＝物理工学プログラムと判明したため割当
ELE401p,基礎電子回路,後学期,金,2,沈　青,光工学プログラム,filled,PDF表記「基礎電子回路（クラスC）」＝光工学プログラムと判明したため割当
ELE401r,基礎電子回路,後学期,月,3,奥野　剛史,機械システムプログラム,filled,
ELE401r,基礎電子回路,後学期,月,3,美濃島　薫,電子工学プログラム,filled,PDF表記「基礎電子回路（クラスB）」＝電子工学プログラムと判明したため割当
ELE401r,基礎電子回路,後学期,月,3,岩國　加奈,物理工学プログラム,filled,PDF表記「基礎電子回路（クラスD）」＝物理工学プログラムと判明したため割当
ELE401r,基礎電子回路,後学期,金,2,沈　青,光工学プログラム,filled,PDF表記「基礎電子回路（クラスC）」＝光工学プログラムと判明したため割当
ELE402h,回路システム学第一,後学期,水,3,範　公可,情報通信工学プログラム,filled,
ELE402h,回路システム学第一,後学期,木,3,和田　光司,電子情報学プログラム,filled,
ELE403g,論理回路学,後学期,月,3,肖　鳳超,"情報通信工学プログラム,計測・制御システムプログラム",filled,
ELE403g,論理回路学,後学期,木,2,範　公可,"電子情報学プログラム,先端ロボティクスプログラム",filled,
ELE404g,基礎電子工学,後学期,水,4,田尻　武義,電子情報学プログラム,filled,
ELE404g,基礎電子工学,後学期,金,3,田尻　武義,情報通信工学プログラム,filled,
ELE404h,基礎電子工学,後学期,水,4,田尻　武義,電子情報学プログラム,filled,
ELE404h,基礎電子工学,後学期,金,3,田尻　武義,情報通信工学プログラム,filled,
ELE501a,情報通信システム,前学期,月,2,八巻　隼人,"情報数理工学プログラム,コンピュータサイエンスプログラム",filled,
ELE501a,情報通信システム,前学期,木,4,内海　彰,"メディア情報学プログラム,経営・社会情報学プログラム,デザイン思考・データサイエンスプログラム",filled,
ELE501b,情報通信システム,前学期,月,2,八巻　隼人,"情報数理工学プログラム,コンピュータサイエンスプログラム",filled,
ELE501b,情報通信システム,前学期,木,4,内海　彰,"メディア情報学プログラム,経営・社会情報学プログラム,デザイン思考・データサイエンスプログラム",filled,
ELE501e,情報通信システム,前学期,月,2,八巻　隼人,"情報数理工学プログラム,コンピュータサイエンスプログラム",filled,
ELE501e,情報通信システム,前学期,木,4,内海　彰,"メディア情報学プログラム,経営・社会情報学プログラム,デザイン思考・データサイエンスプログラム",filled,
ELE501g,回路システム学第二,前学期,水,2,小野　哲,電子情報学プログラム,filled,
ELE501g,回路システム学第二,前学期,水,2,和田　光司,情報通信工学プログラム,filled,
ELE501h,回路システム学第二,前学期,水,2,小野　哲,電子情報学プログラム,filled,
ELE501h,回路システム学第二,前学期,水,2,和田　光司,情報通信工学プログラム,filled,
ELE501m,電子工学実験第一,前学期,水,2,宮本・酒井・水柿・坂本・新吉・早川（全担当者はその他欄に記載）,電子工学プログラム,filled,科目名がそのままプログラム名に対応する科目のため(指示により確認済み)、当該プログラムに一意に割り当てた
ELE501m,電子工学実験第一,前学期,水,3,宮本・酒井・水柿・坂本・新吉・早川（全担当者はその他欄に記載）,電子工学プログラム,filled,科目名がそのままプログラム名に対応する科目のため(指示により確認済み)、当該プログラムに一意に割り当てた
ELE501m,電子工学実験第一,前学期,水,4,宮本・酒井・水柿・坂本・新吉・早川（全担当者はその他欄に記載）,電子工学プログラム,filled,科目名がそのままプログラム名に対応する科目のため(指示により確認済み)、当該プログラムに一意に割り当てた
ELE501m,電子工学実験第一,前学期,木,2,宮本・酒井・水柿・坂本・新吉・早川（全担当者はその他欄に記載）,電子工学プログラム,filled,科目名がそのままプログラム名に対応する科目のため(指示により確認済み)、当該プログラムに一意に割り当てた
ELE501m,電子工学実験第一,前学期,木,3,宮本・酒井・水柿・坂本・新吉・早川（全担当者はその他欄に記載）,電子工学プログラム,filled,科目名がそのままプログラム名に対応する科目のため(指示により確認済み)、当該プログラムに一意に割り当てた
ELE501m,電子工学実験第一,前学期,木,4,宮本・酒井・水柿・坂本・新吉・早川（全担当者はその他欄に記載）,電子工学プログラム,filled,科目名がそのままプログラム名に対応する科目のため(指示により確認済み)、当該プログラムに一意に割り当てた
ELE503g,情報理論,前学期,月,3,大濱　靖匡,"情報通信工学プログラム,電子情報学プログラム",filled,学籍番号奇数の学生が対象(指示による)
ELE503g,情報理論,前学期,火,3,八木　秀樹,"情報通信工学プログラム,電子情報学プログラム",filled,学籍番号偶数の学生が対象(指示による)
ELE503h,情報理論,前学期,月,3,大濱　靖匡,"情報通信工学プログラム,電子情報学プログラム",filled,学籍番号奇数の学生が対象(指示による)
ELE503h,情報理論,前学期,火,3,八木　秀樹,"情報通信工学プログラム,電子情報学プログラム",filled,学籍番号偶数の学生が対象(指示による)
ELE504g,信号処理論,前学期,月,3,張　熙,"情報通信工学プログラム,電子情報学プログラム",filled,学籍番号奇数の学生が対象(指示による)
ELE504g,信号処理論,前学期,火,3,高橋　弘太,"情報通信工学プログラム,電子情報学プログラム",filled,学籍番号偶数の学生が対象(指示による)
ELE504h,信号処理論,前学期,月,3,張　熙,"情報通信工学プログラム,電子情報学プログラム",filled,学籍番号奇数の学生が対象(指示による)
ELE504h,信号処理論,前学期,火,3,高橋　弘太,"情報通信工学プログラム,電子情報学プログラム",filled,学籍番号偶数の学生が対象(指示による)
ELE601h,電子回路学,後学期,月,1,内田　雅文,"計測・制御システムプログラム,先端ロボティクスプログラム",filled,
ELE601h,電子回路学,後学期,火,3,小野　哲,"情報通信工学プログラム,電子情報学プログラム",filled,
ELE601i,電子回路学,後学期,月,1,内田　雅文,"計測・制御システムプログラム,先端ロボティクスプログラム",filled,
ELE601i,電子回路学,後学期,火,3,小野　哲,"情報通信工学プログラム,電子情報学プログラム",filled,
ELE601j,電子回路学,後学期,月,1,内田　雅文,"計測・制御システムプログラム,先端ロボティクスプログラム",filled,
ELE601j,電子回路学,後学期,火,3,小野　哲,"情報通信工学プログラム,電子情報学プログラム",filled,
ELE601p,電子回路学,後学期,月,4,水柿　義直,電子工学プログラム,filled,
ELE601p,電子回路学,後学期,金,2,志賀　智一,"光工学プログラム,物理工学プログラム",filled,
ELE602m,電子回路学,後学期,月,4,水柿　義直,電子工学プログラム,filled,
ELE602m,電子回路学,後学期,金,2,志賀　智一,"光工学プログラム,物理工学プログラム",filled,
ELE602n,電子回路学,後学期,月,4,水柿　義直,電子工学プログラム,filled,
ELE602n,電子回路学,後学期,金,2,志賀　智一,"光工学プログラム,物理工学プログラム",filled,
ELE603g,電子回路学,後学期,月,1,内田　雅文,"計測・制御システムプログラム,先端ロボティクスプログラム",filled,
ELE603g,電子回路学,後学期,火,3,小野　哲,"情報通信工学プログラム,電子情報学プログラム",filled,
ELE603n,デジタル信号処理,後学期,月,3,渡邉　恵理子,"電子工学プログラム,光工学プログラム",filled,
ELE603n,デジタル信号処理,後学期,月,4,金子　修,"セキュリティ情報学プログラム,計測・制御システムプログラム,先端ロボティクスプログラム,機械システムプログラム",filled,
ELE605m,デジタル信号処理,後学期,月,3,渡邉　恵理子,"電子工学プログラム,光工学プログラム",filled,
ELE605m,デジタル信号処理,後学期,月,4,金子　修,"セキュリティ情報学プログラム,計測・制御システムプログラム,先端ロボティクスプログラム,機械システムプログラム",filled,
ENG302z,英語演習,前学期,月,4,Hauser　Eric,全クラス,filled,自由選択科目のため特定クラスに紐付かず、指示によりクラス指定なし(全クラス対象)として扱う
ENG302z,英語演習,前学期,月,4,上原　寿和子,全クラス,filled,自由選択科目のため特定クラスに紐付かず、指示によりクラス指定なし(全クラス対象)として扱う
ENG302z,英語演習,前学期,月,4,高坂　洋史,全クラス,filled,自由選択科目のため特定クラスに紐付かず、指示によりクラス指定なし(全クラス対象)として扱う
ENG302z,英語演習,前学期,木,1,Atsuko Marie Jeffreys,全クラス,filled,自由選択科目のため特定クラスに紐付かず、指示によりクラス指定なし(全クラス対象)として扱う
ENG302z,英語演習,前学期,木,1,高坂　洋史,全クラス,filled,自由選択科目のため特定クラスに紐付かず、指示によりクラス指定なし(全クラス対象)として扱う
ENG302z,英語演習,前学期,金,4,上原　寿和子,全クラス,filled,自由選択科目のため特定クラスに紐付かず、指示によりクラス指定なし(全クラス対象)として扱う
ENG302z,英語演習,後学期,月,4,高坂　洋史,全クラス,filled,自由選択科目のため特定クラスに紐付かず、指示によりクラス指定なし(全クラス対象)として扱う
ENG302z,英語演習,後学期,月,4,Hauser　Eric,全クラス,filled,自由選択科目のため特定クラスに紐付かず、指示によりクラス指定なし(全クラス対象)として扱う
ENG302z,英語演習,後学期,木,1,大石　由紀子,全クラス,filled,自由選択科目のため特定クラスに紐付かず、指示によりクラス指定なし(全クラス対象)として扱う
ENG302z,英語演習,後学期,木,1,Atsuko Marie Jeffreys,全クラス,filled,自由選択科目のため特定クラスに紐付かず、指示によりクラス指定なし(全クラス対象)として扱う
ENG302z,英語演習,後学期,木,1,高坂　洋史,全クラス,filled,自由選択科目のため特定クラスに紐付かず、指示によりクラス指定なし(全クラス対象)として扱う
ENG302z,英語演習,後学期,金,4,Hauser　Eric,全クラス,filled,自由選択科目のため特定クラスに紐付かず、指示によりクラス指定なし(全クラス対象)として扱う
ENG302z,英語演習,後学期,金,4,上原　寿和子,全クラス,filled,自由選択科目のため特定クラスに紐付かず、指示によりクラス指定なし(全クラス対象)として扱う
FGN101a,基礎数学演習第一,前学期,水,1,濱野　哲子,"クラス4,クラス5,クラス6,クラス7,クラス8,クラス9,クラス10",filled,
FGN101a,基礎数学演習第一,前学期,水,2,濱野　哲子,"クラス1,クラス2,クラス11",filled,
FGN101a,基礎数学演習第一,前学期,水,5,濱野　哲子,"クラス1,クラス2,クラス3,クラス4,クラス5,クラス6,クラス7,クラス8,クラス9,クラス10,クラス11,クラス12",filled,
FGN101b,基礎数学演習第一,前学期,水,1,濱野　哲子,"クラス4,クラス5,クラス6,クラス7,クラス8,クラス9,クラス10",filled,
FGN101b,基礎数学演習第一,前学期,水,2,濱野　哲子,"クラス1,クラス2,クラス11",filled,
FGN101b,基礎数学演習第一,前学期,水,5,濱野　哲子,"クラス1,クラス2,クラス3,クラス4,クラス5,クラス6,クラス7,クラス8,クラス9,クラス10,クラス11,クラス12",filled,
FGN101c,基礎数学演習第一,前学期,水,1,濱野　哲子,"クラス4,クラス5,クラス6,クラス7,クラス8,クラス9,クラス10",filled,
FGN101c,基礎数学演習第一,前学期,水,2,濱野　哲子,"クラス1,クラス2,クラス11",filled,
FGN101c,基礎数学演習第一,前学期,水,5,濱野　哲子,"クラス1,クラス2,クラス3,クラス4,クラス5,クラス6,クラス7,クラス8,クラス9,クラス10,クラス11,クラス12",filled,
FGN101d,基礎数学演習第一,前学期,水,1,濱野　哲子,"クラス4,クラス5,クラス6,クラス7,クラス8,クラス9,クラス10",filled,
FGN101d,基礎数学演習第一,前学期,水,2,濱野　哲子,"クラス1,クラス2,クラス11",filled,
FGN101d,基礎数学演習第一,前学期,水,5,濱野　哲子,"クラス1,クラス2,クラス3,クラス4,クラス5,クラス6,クラス7,クラス8,クラス9,クラス10,クラス11,クラス12",filled,
FGN101e,基礎数学演習第一,前学期,水,1,濱野　哲子,"クラス4,クラス5,クラス6,クラス7,クラス8,クラス9,クラス10",filled,
FGN101e,基礎数学演習第一,前学期,水,2,濱野　哲子,"クラス1,クラス2,クラス11",filled,
FGN101e,基礎数学演習第一,前学期,水,5,濱野　哲子,"クラス1,クラス2,クラス3,クラス4,クラス5,クラス6,クラス7,クラス8,クラス9,クラス10,クラス11,クラス12",filled,
FGN101f,基礎数学演習第一,前学期,水,1,濱野　哲子,"クラス4,クラス5,クラス6,クラス7,クラス8,クラス9,クラス10",filled,
FGN101f,基礎数学演習第一,前学期,水,2,濱野　哲子,"クラス1,クラス2,クラス11",filled,
FGN101f,基礎数学演習第一,前学期,水,5,濱野　哲子,"クラス1,クラス2,クラス3,クラス4,クラス5,クラス6,クラス7,クラス8,クラス9,クラス10,クラス11,クラス12",filled,
FGN101g,基礎数学演習第一,前学期,水,1,濱野　哲子,"クラス4,クラス5,クラス6,クラス7,クラス8,クラス9,クラス10",filled,
FGN101g,基礎数学演習第一,前学期,水,2,濱野　哲子,"クラス1,クラス2,クラス11",filled,
FGN101g,基礎数学演習第一,前学期,水,5,濱野　哲子,"クラス1,クラス2,クラス3,クラス4,クラス5,クラス6,クラス7,クラス8,クラス9,クラス10,クラス11,クラス12",filled,
FGN101h,基礎数学演習第一,前学期,水,1,濱野　哲子,"クラス4,クラス5,クラス6,クラス7,クラス8,クラス9,クラス10",filled,
FGN101h,基礎数学演習第一,前学期,水,2,濱野　哲子,"クラス1,クラス2,クラス11",filled,
FGN101h,基礎数学演習第一,前学期,水,5,濱野　哲子,"クラス1,クラス2,クラス3,クラス4,クラス5,クラス6,クラス7,クラス8,クラス9,クラス10,クラス11,クラス12",filled,
FGN101i,基礎数学演習第一,前学期,水,1,濱野　哲子,"クラス4,クラス5,クラス6,クラス7,クラス8,クラス9,クラス10",filled,
FGN101i,基礎数学演習第一,前学期,水,2,濱野　哲子,"クラス1,クラス2,クラス11",filled,
FGN101i,基礎数学演習第一,前学期,水,5,濱野　哲子,"クラス1,クラス2,クラス3,クラス4,クラス5,クラス6,クラス7,クラス8,クラス9,クラス10,クラス11,クラス12",filled,
FGN101j,基礎数学演習第一,前学期,水,1,濱野　哲子,"クラス4,クラス5,クラス6,クラス7,クラス8,クラス9,クラス10",filled,
FGN101j,基礎数学演習第一,前学期,水,2,濱野　哲子,"クラス1,クラス2,クラス11",filled,
FGN101j,基礎数学演習第一,前学期,水,5,濱野　哲子,"クラス1,クラス2,クラス3,クラス4,クラス5,クラス6,クラス7,クラス8,クラス9,クラス10,クラス11,クラス12",filled,
FGN101k,基礎数学演習第一,前学期,水,1,濱野　哲子,"クラス4,クラス5,クラス6,クラス7,クラス8,クラス9,クラス10",filled,
FGN101k,基礎数学演習第一,前学期,水,2,濱野　哲子,"クラス1,クラス2,クラス11",filled,
FGN101k,基礎数学演習第一,前学期,水,5,濱野　哲子,"クラス1,クラス2,クラス3,クラス4,クラス5,クラス6,クラス7,クラス8,クラス9,クラス10,クラス11,クラス12",filled,
FGN101m,基礎数学演習第一,前学期,水,1,濱野　哲子,"クラス4,クラス5,クラス6,クラス7,クラス8,クラス9,クラス10",filled,
FGN101m,基礎数学演習第一,前学期,水,2,濱野　哲子,"クラス1,クラス2,クラス11",filled,
FGN101m,基礎数学演習第一,前学期,水,5,濱野　哲子,"クラス1,クラス2,クラス3,クラス4,クラス5,クラス6,クラス7,クラス8,クラス9,クラス10,クラス11,クラス12",filled,
FGN101n,基礎数学演習第一,前学期,水,1,濱野　哲子,"クラス4,クラス5,クラス6,クラス7,クラス8,クラス9,クラス10",filled,
FGN101n,基礎数学演習第一,前学期,水,2,濱野　哲子,"クラス1,クラス2,クラス11",filled,
FGN101n,基礎数学演習第一,前学期,水,5,濱野　哲子,"クラス1,クラス2,クラス3,クラス4,クラス5,クラス6,クラス7,クラス8,クラス9,クラス10,クラス11,クラス12",filled,
FGN101p,基礎数学演習第一,前学期,水,1,濱野　哲子,"クラス4,クラス5,クラス6,クラス7,クラス8,クラス9,クラス10",filled,
FGN101p,基礎数学演習第一,前学期,水,2,濱野　哲子,"クラス1,クラス2,クラス11",filled,
FGN101p,基礎数学演習第一,前学期,水,5,濱野　哲子,"クラス1,クラス2,クラス3,クラス4,クラス5,クラス6,クラス7,クラス8,クラス9,クラス10,クラス11,クラス12",filled,
FGN101r,基礎数学演習第一,前学期,水,1,濱野　哲子,"クラス4,クラス5,クラス6,クラス7,クラス8,クラス9,クラス10",filled,
FGN101r,基礎数学演習第一,前学期,水,2,濱野　哲子,"クラス1,クラス2,クラス11",filled,
FGN101r,基礎数学演習第一,前学期,水,5,濱野　哲子,"クラス1,クラス2,クラス3,クラス4,クラス5,クラス6,クラス7,クラス8,クラス9,クラス10,クラス11,クラス12",filled,
FGN102a,基礎物理学演習第一,前学期,火,1,Hans-Georg Matuttis,"クラス2,クラス3,クラス4,クラス5,クラス6,クラス12",filled_fallback,担当教員名は時間割画像と直接一致しなかったが、科目名・曜日・時限からクラスを一意に特定(教員名の一致は未確認・指示によりクラスのみ採用)
FGN102a,基礎物理学演習第一,前学期,木,5,中井　日佐司,留学生,filled,留学生対象科目のため、選択科目との重複はOK(指示による)
FGN102a,基礎物理学演習第一,前学期,金,1,濱野　哲子,"クラス5,クラス6,クラス9,クラス10,クラス11,クラス12",filled,
FGN102b,基礎物理学演習第一,前学期,火,1,Hans-Georg Matuttis,"クラス2,クラス3,クラス4,クラス5,クラス6,クラス12",filled_fallback,担当教員名は時間割画像と直接一致しなかったが、科目名・曜日・時限からクラスを一意に特定(教員名の一致は未確認・指示によりクラスのみ採用)
FGN102b,基礎物理学演習第一,前学期,木,5,中井　日佐司,留学生,filled,留学生対象科目のため、選択科目との重複はOK(指示による)
FGN102b,基礎物理学演習第一,前学期,金,1,濱野　哲子,"クラス5,クラス6,クラス9,クラス10,クラス11,クラス12",filled,
FGN102c,基礎物理学演習第一,前学期,火,1,Hans-Georg Matuttis,"クラス2,クラス3,クラス4,クラス5,クラス6,クラス12",filled_fallback,担当教員名は時間割画像と直接一致しなかったが、科目名・曜日・時限からクラスを一意に特定(教員名の一致は未確認・指示によりクラスのみ採用)
FGN102c,基礎物理学演習第一,前学期,木,5,中井　日佐司,留学生,filled,留学生対象科目のため、選択科目との重複はOK(指示による)
FGN102c,基礎物理学演習第一,前学期,金,1,濱野　哲子,"クラス5,クラス6,クラス9,クラス10,クラス11,クラス12",filled,
FGN102d,基礎物理学演習第一,前学期,火,1,Hans-Georg Matuttis,"クラス2,クラス3,クラス4,クラス5,クラス6,クラス12",filled_fallback,担当教員名は時間割画像と直接一致しなかったが、科目名・曜日・時限からクラスを一意に特定(教員名の一致は未確認・指示によりクラスのみ採用)
FGN102d,基礎物理学演習第一,前学期,木,5,中井　日佐司,留学生,filled,留学生対象科目のため、選択科目との重複はOK(指示による)
FGN102d,基礎物理学演習第一,前学期,金,1,濱野　哲子,"クラス5,クラス6,クラス9,クラス10,クラス11,クラス12",filled,
FGN102e,基礎物理学演習第一,前学期,火,1,Hans-Georg Matuttis,"クラス2,クラス3,クラス4,クラス5,クラス6,クラス12",filled_fallback,担当教員名は時間割画像と直接一致しなかったが、科目名・曜日・時限からクラスを一意に特定(教員名の一致は未確認・指示によりクラスのみ採用)
FGN102e,基礎物理学演習第一,前学期,木,5,中井　日佐司,留学生,filled,留学生対象科目のため、選択科目との重複はOK(指示による)
FGN102e,基礎物理学演習第一,前学期,金,1,濱野　哲子,"クラス5,クラス6,クラス9,クラス10,クラス11,クラス12",filled,
FGN102f,基礎物理学演習第一,前学期,火,1,Hans-Georg Matuttis,"クラス2,クラス3,クラス4,クラス5,クラス6,クラス12",filled_fallback,担当教員名は時間割画像と直接一致しなかったが、科目名・曜日・時限からクラスを一意に特定(教員名の一致は未確認・指示によりクラスのみ採用)
FGN102f,基礎物理学演習第一,前学期,木,5,中井　日佐司,留学生,filled,留学生対象科目のため、選択科目との重複はOK(指示による)
FGN102f,基礎物理学演習第一,前学期,金,1,濱野　哲子,"クラス5,クラス6,クラス9,クラス10,クラス11,クラス12",filled,
FGN102g,基礎物理学演習第一,前学期,火,1,Hans-Georg Matuttis,"クラス2,クラス3,クラス4,クラス5,クラス6,クラス12",filled_fallback,担当教員名は時間割画像と直接一致しなかったが、科目名・曜日・時限からクラスを一意に特定(教員名の一致は未確認・指示によりクラスのみ採用)
FGN102g,基礎物理学演習第一,前学期,木,5,中井　日佐司,留学生,filled,留学生対象科目のため、選択科目との重複はOK(指示による)
FGN102g,基礎物理学演習第一,前学期,金,1,濱野　哲子,"クラス5,クラス6,クラス9,クラス10,クラス11,クラス12",filled,
FGN102h,基礎物理学演習第一,前学期,火,1,Hans-Georg Matuttis,"クラス2,クラス3,クラス4,クラス5,クラス6,クラス12",filled_fallback,担当教員名は時間割画像と直接一致しなかったが、科目名・曜日・時限からクラスを一意に特定(教員名の一致は未確認・指示によりクラスのみ採用)
FGN102h,基礎物理学演習第一,前学期,木,5,中井　日佐司,留学生,filled,留学生対象科目のため、選択科目との重複はOK(指示による)
FGN102h,基礎物理学演習第一,前学期,金,1,濱野　哲子,"クラス5,クラス6,クラス9,クラス10,クラス11,クラス12",filled,
FGN102i,基礎物理学演習第一,前学期,火,1,Hans-Georg Matuttis,"クラス2,クラス3,クラス4,クラス5,クラス6,クラス12",filled_fallback,担当教員名は時間割画像と直接一致しなかったが、科目名・曜日・時限からクラスを一意に特定(教員名の一致は未確認・指示によりクラスのみ採用)
FGN102i,基礎物理学演習第一,前学期,木,5,中井　日佐司,留学生,filled,留学生対象科目のため、選択科目との重複はOK(指示による)
FGN102i,基礎物理学演習第一,前学期,金,1,濱野　哲子,"クラス5,クラス6,クラス9,クラス10,クラス11,クラス12",filled,
FGN102j,基礎物理学演習第一,前学期,火,1,Hans-Georg Matuttis,"クラス2,クラス3,クラス4,クラス5,クラス6,クラス12",filled_fallback,担当教員名は時間割画像と直接一致しなかったが、科目名・曜日・時限からクラスを一意に特定(教員名の一致は未確認・指示によりクラスのみ採用)
FGN102j,基礎物理学演習第一,前学期,木,5,中井　日佐司,留学生,filled,留学生対象科目のため、選択科目との重複はOK(指示による)
FGN102j,基礎物理学演習第一,前学期,金,1,濱野　哲子,"クラス5,クラス6,クラス9,クラス10,クラス11,クラス12",filled,
FGN102k,基礎物理学演習第一,前学期,火,1,Hans-Georg Matuttis,"クラス2,クラス3,クラス4,クラス5,クラス6,クラス12",filled_fallback,担当教員名は時間割画像と直接一致しなかったが、科目名・曜日・時限からクラスを一意に特定(教員名の一致は未確認・指示によりクラスのみ採用)
FGN102k,基礎物理学演習第一,前学期,木,5,中井　日佐司,留学生,filled,留学生対象科目のため、選択科目との重複はOK(指示による)
FGN102k,基礎物理学演習第一,前学期,金,1,濱野　哲子,"クラス5,クラス6,クラス9,クラス10,クラス11,クラス12",filled,
FGN102m,基礎物理学演習第一,前学期,火,1,Hans-Georg Matuttis,"クラス2,クラス3,クラス4,クラス5,クラス6,クラス12",filled_fallback,担当教員名は時間割画像と直接一致しなかったが、科目名・曜日・時限からクラスを一意に特定(教員名の一致は未確認・指示によりクラスのみ採用)
FGN102m,基礎物理学演習第一,前学期,木,5,中井　日佐司,留学生,filled,留学生対象科目のため、選択科目との重複はOK(指示による)
FGN102m,基礎物理学演習第一,前学期,金,1,濱野　哲子,"クラス5,クラス6,クラス9,クラス10,クラス11,クラス12",filled,
FGN102n,基礎物理学演習第一,前学期,火,1,Hans-Georg Matuttis,"クラス2,クラス3,クラス4,クラス5,クラス6,クラス12",filled_fallback,担当教員名は時間割画像と直接一致しなかったが、科目名・曜日・時限からクラスを一意に特定(教員名の一致は未確認・指示によりクラスのみ採用)
FGN102n,基礎物理学演習第一,前学期,木,5,中井　日佐司,留学生,filled,留学生対象科目のため、選択科目との重複はOK(指示による)
FGN102n,基礎物理学演習第一,前学期,金,1,濱野　哲子,"クラス5,クラス6,クラス9,クラス10,クラス11,クラス12",filled,
FGN102p,基礎物理学演習第一,前学期,火,1,Hans-Georg Matuttis,"クラス2,クラス3,クラス4,クラス5,クラス6,クラス12",filled_fallback,担当教員名は時間割画像と直接一致しなかったが、科目名・曜日・時限からクラスを一意に特定(教員名の一致は未確認・指示によりクラスのみ採用)
FGN102p,基礎物理学演習第一,前学期,木,5,中井　日佐司,留学生,filled,留学生対象科目のため、選択科目との重複はOK(指示による)
FGN102p,基礎物理学演習第一,前学期,金,1,濱野　哲子,"クラス5,クラス6,クラス9,クラス10,クラス11,クラス12",filled,
FGN102r,基礎物理学演習第一,前学期,火,1,Hans-Georg Matuttis,"クラス2,クラス3,クラス4,クラス5,クラス6,クラス12",filled_fallback,担当教員名は時間割画像と直接一致しなかったが、科目名・曜日・時限からクラスを一意に特定(教員名の一致は未確認・指示によりクラスのみ採用)
FGN102r,基礎物理学演習第一,前学期,木,5,中井　日佐司,留学生,filled,留学生対象科目のため、選択科目との重複はOK(指示による)
FGN102r,基礎物理学演習第一,前学期,金,1,濱野　哲子,"クラス5,クラス6,クラス9,クラス10,クラス11,クラス12",filled,
FGN201a,基礎数学演習第二,後学期,水,2,濱野　哲子,"クラス1,クラス2",filled,
FGN201a,基礎数学演習第二,後学期,水,5,濱野　哲子,"クラス1,クラス2,クラス3,クラス4,クラス5,クラス6,クラス7,クラス8,クラス9,クラス10,クラス11,クラス12",filled,
FGN201b,基礎数学演習第二,後学期,水,2,濱野　哲子,"クラス1,クラス2",filled,
FGN201b,基礎数学演習第二,後学期,水,5,濱野　哲子,"クラス1,クラス2,クラス3,クラス4,クラス5,クラス6,クラス7,クラス8,クラス9,クラス10,クラス11,クラス12",filled,
FGN201c,基礎数学演習第二,後学期,水,2,濱野　哲子,"クラス1,クラス2",filled,
FGN201c,基礎数学演習第二,後学期,水,5,濱野　哲子,"クラス1,クラス2,クラス3,クラス4,クラス5,クラス6,クラス7,クラス8,クラス9,クラス10,クラス11,クラス12",filled,
FGN201d,基礎数学演習第二,後学期,水,2,濱野　哲子,"クラス1,クラス2",filled,
FGN201d,基礎数学演習第二,後学期,水,5,濱野　哲子,"クラス1,クラス2,クラス3,クラス4,クラス5,クラス6,クラス7,クラス8,クラス9,クラス10,クラス11,クラス12",filled,
FGN201e,基礎数学演習第二,後学期,水,2,濱野　哲子,"クラス1,クラス2",filled,
FGN201e,基礎数学演習第二,後学期,水,5,濱野　哲子,"クラス1,クラス2,クラス3,クラス4,クラス5,クラス6,クラス7,クラス8,クラス9,クラス10,クラス11,クラス12",filled,
FGN201f,基礎数学演習第二,後学期,水,2,濱野　哲子,"クラス1,クラス2",filled,
FGN201f,基礎数学演習第二,後学期,水,5,濱野　哲子,"クラス1,クラス2,クラス3,クラス4,クラス5,クラス6,クラス7,クラス8,クラス9,クラス10,クラス11,クラス12",filled,
FGN201g,基礎数学演習第二,後学期,水,2,濱野　哲子,"クラス1,クラス2",filled,
FGN201g,基礎数学演習第二,後学期,水,5,濱野　哲子,"クラス1,クラス2,クラス3,クラス4,クラス5,クラス6,クラス7,クラス8,クラス9,クラス10,クラス11,クラス12",filled,
FGN201h,基礎数学演習第二,後学期,水,2,濱野　哲子,"クラス1,クラス2",filled,
FGN201h,基礎数学演習第二,後学期,水,5,濱野　哲子,"クラス1,クラス2,クラス3,クラス4,クラス5,クラス6,クラス7,クラス8,クラス9,クラス10,クラス11,クラス12",filled,
FGN201i,基礎数学演習第二,後学期,水,2,濱野　哲子,"クラス1,クラス2",filled,
FGN201i,基礎数学演習第二,後学期,水,5,濱野　哲子,"クラス1,クラス2,クラス3,クラス4,クラス5,クラス6,クラス7,クラス8,クラス9,クラス10,クラス11,クラス12",filled,
FGN201j,基礎数学演習第二,後学期,水,2,濱野　哲子,"クラス1,クラス2",filled,
FGN201j,基礎数学演習第二,後学期,水,5,濱野　哲子,"クラス1,クラス2,クラス3,クラス4,クラス5,クラス6,クラス7,クラス8,クラス9,クラス10,クラス11,クラス12",filled,
FGN201k,基礎数学演習第二,後学期,水,2,濱野　哲子,"クラス1,クラス2",filled,
FGN201k,基礎数学演習第二,後学期,水,5,濱野　哲子,"クラス1,クラス2,クラス3,クラス4,クラス5,クラス6,クラス7,クラス8,クラス9,クラス10,クラス11,クラス12",filled,
FGN201m,基礎数学演習第二,後学期,水,2,濱野　哲子,"クラス1,クラス2",filled,
FGN201m,基礎数学演習第二,後学期,水,5,濱野　哲子,"クラス1,クラス2,クラス3,クラス4,クラス5,クラス6,クラス7,クラス8,クラス9,クラス10,クラス11,クラス12",filled,
FGN201n,基礎数学演習第二,後学期,水,2,濱野　哲子,"クラス1,クラス2",filled,
FGN201n,基礎数学演習第二,後学期,水,5,濱野　哲子,"クラス1,クラス2,クラス3,クラス4,クラス5,クラス6,クラス7,クラス8,クラス9,クラス10,クラス11,クラス12",filled,
FGN201p,基礎数学演習第二,後学期,水,2,濱野　哲子,"クラス1,クラス2",filled,
FGN201p,基礎数学演習第二,後学期,水,5,濱野　哲子,"クラス1,クラス2,クラス3,クラス4,クラス5,クラス6,クラス7,クラス8,クラス9,クラス10,クラス11,クラス12",filled,
FGN201r,基礎数学演習第二,後学期,水,2,濱野　哲子,"クラス1,クラス2",filled,
FGN201r,基礎数学演習第二,後学期,水,5,濱野　哲子,"クラス1,クラス2,クラス3,クラス4,クラス5,クラス6,クラス7,クラス8,クラス9,クラス10,クラス11,クラス12",filled,
FGN202a,基礎物理学演習第二,後学期,火,1,Hans-Georg Matuttis,"クラス1,クラス2,クラス3,クラス4,クラス5,クラス6,クラス7,クラス8",filled_fallback,担当教員名は時間割画像と直接一致しなかったが、科目名・曜日・時限からクラスを一意に特定(教員名の一致は未確認・指示によりクラスのみ採用)
FGN202a,基礎物理学演習第二,後学期,木,5,中井　日佐司,留学生,filled,留学生対象科目のため、選択科目との重複はOK(指示による)
FGN202a,基礎物理学演習第二,後学期,金,1,濱野　哲子,"クラス5,クラス6,クラス7,クラス8,クラス9,クラス10",filled,
FGN202b,基礎物理学演習第二,後学期,火,1,Hans-Georg Matuttis,"クラス1,クラス2,クラス3,クラス4,クラス5,クラス6,クラス7,クラス8",filled_fallback,担当教員名は時間割画像と直接一致しなかったが、科目名・曜日・時限からクラスを一意に特定(教員名の一致は未確認・指示によりクラスのみ採用)
FGN202b,基礎物理学演習第二,後学期,木,5,中井　日佐司,留学生,filled,留学生対象科目のため、選択科目との重複はOK(指示による)
FGN202b,基礎物理学演習第二,後学期,金,1,濱野　哲子,"クラス5,クラス6,クラス7,クラス8,クラス9,クラス10",filled,
FGN202c,基礎物理学演習第二,後学期,火,1,Hans-Georg Matuttis,"クラス1,クラス2,クラス3,クラス4,クラス5,クラス6,クラス7,クラス8",filled_fallback,担当教員名は時間割画像と直接一致しなかったが、科目名・曜日・時限からクラスを一意に特定(教員名の一致は未確認・指示によりクラスのみ採用)
FGN202c,基礎物理学演習第二,後学期,木,5,中井　日佐司,留学生,filled,留学生対象科目のため、選択科目との重複はOK(指示による)
FGN202c,基礎物理学演習第二,後学期,金,1,濱野　哲子,"クラス5,クラス6,クラス7,クラス8,クラス9,クラス10",filled,
FGN202d,基礎物理学演習第二,後学期,火,1,Hans-Georg Matuttis,"クラス1,クラス2,クラス3,クラス4,クラス5,クラス6,クラス7,クラス8",filled_fallback,担当教員名は時間割画像と直接一致しなかったが、科目名・曜日・時限からクラスを一意に特定(教員名の一致は未確認・指示によりクラスのみ採用)
FGN202d,基礎物理学演習第二,後学期,木,5,中井　日佐司,留学生,filled,留学生対象科目のため、選択科目との重複はOK(指示による)
FGN202d,基礎物理学演習第二,後学期,金,1,濱野　哲子,"クラス5,クラス6,クラス7,クラス8,クラス9,クラス10",filled,
FGN202e,基礎物理学演習第二,後学期,火,1,Hans-Georg Matuttis,"クラス1,クラス2,クラス3,クラス4,クラス5,クラス6,クラス7,クラス8",filled_fallback,担当教員名は時間割画像と直接一致しなかったが、科目名・曜日・時限からクラスを一意に特定(教員名の一致は未確認・指示によりクラスのみ採用)
FGN202e,基礎物理学演習第二,後学期,木,5,中井　日佐司,留学生,filled,留学生対象科目のため、選択科目との重複はOK(指示による)
FGN202e,基礎物理学演習第二,後学期,金,1,濱野　哲子,"クラス5,クラス6,クラス7,クラス8,クラス9,クラス10",filled,
FGN202f,基礎物理学演習第二,後学期,火,1,Hans-Georg Matuttis,"クラス1,クラス2,クラス3,クラス4,クラス5,クラス6,クラス7,クラス8",filled_fallback,担当教員名は時間割画像と直接一致しなかったが、科目名・曜日・時限からクラスを一意に特定(教員名の一致は未確認・指示によりクラスのみ採用)
FGN202f,基礎物理学演習第二,後学期,木,5,中井　日佐司,留学生,filled,留学生対象科目のため、選択科目との重複はOK(指示による)
FGN202f,基礎物理学演習第二,後学期,金,1,濱野　哲子,"クラス5,クラス6,クラス7,クラス8,クラス9,クラス10",filled,
FGN202g,基礎物理学演習第二,後学期,火,1,Hans-Georg Matuttis,"クラス1,クラス2,クラス3,クラス4,クラス5,クラス6,クラス7,クラス8",filled_fallback,担当教員名は時間割画像と直接一致しなかったが、科目名・曜日・時限からクラスを一意に特定(教員名の一致は未確認・指示によりクラスのみ採用)
FGN202g,基礎物理学演習第二,後学期,木,5,中井　日佐司,留学生,filled,留学生対象科目のため、選択科目との重複はOK(指示による)
FGN202g,基礎物理学演習第二,後学期,金,1,濱野　哲子,"クラス5,クラス6,クラス7,クラス8,クラス9,クラス10",filled,
FGN202h,基礎物理学演習第二,後学期,火,1,Hans-Georg Matuttis,"クラス1,クラス2,クラス3,クラス4,クラス5,クラス6,クラス7,クラス8",filled_fallback,担当教員名は時間割画像と直接一致しなかったが、科目名・曜日・時限からクラスを一意に特定(教員名の一致は未確認・指示によりクラスのみ採用)
FGN202h,基礎物理学演習第二,後学期,木,5,中井　日佐司,留学生,filled,留学生対象科目のため、選択科目との重複はOK(指示による)
FGN202h,基礎物理学演習第二,後学期,金,1,濱野　哲子,"クラス5,クラス6,クラス7,クラス8,クラス9,クラス10",filled,
FGN202i,基礎物理学演習第二,後学期,火,1,Hans-Georg Matuttis,"クラス1,クラス2,クラス3,クラス4,クラス5,クラス6,クラス7,クラス8",filled_fallback,担当教員名は時間割画像と直接一致しなかったが、科目名・曜日・時限からクラスを一意に特定(教員名の一致は未確認・指示によりクラスのみ採用)
FGN202i,基礎物理学演習第二,後学期,木,5,中井　日佐司,留学生,filled,留学生対象科目のため、選択科目との重複はOK(指示による)
FGN202i,基礎物理学演習第二,後学期,金,1,濱野　哲子,"クラス5,クラス6,クラス7,クラス8,クラス9,クラス10",filled,
FGN202j,基礎物理学演習第二,後学期,火,1,Hans-Georg Matuttis,"クラス1,クラス2,クラス3,クラス4,クラス5,クラス6,クラス7,クラス8",filled_fallback,担当教員名は時間割画像と直接一致しなかったが、科目名・曜日・時限からクラスを一意に特定(教員名の一致は未確認・指示によりクラスのみ採用)
FGN202j,基礎物理学演習第二,後学期,木,5,中井　日佐司,留学生,filled,留学生対象科目のため、選択科目との重複はOK(指示による)
FGN202j,基礎物理学演習第二,後学期,金,1,濱野　哲子,"クラス5,クラス6,クラス7,クラス8,クラス9,クラス10",filled,
FGN202k,基礎物理学演習第二,後学期,火,1,Hans-Georg Matuttis,"クラス1,クラス2,クラス3,クラス4,クラス5,クラス6,クラス7,クラス8",filled_fallback,担当教員名は時間割画像と直接一致しなかったが、科目名・曜日・時限からクラスを一意に特定(教員名の一致は未確認・指示によりクラスのみ採用)
FGN202k,基礎物理学演習第二,後学期,木,5,中井　日佐司,留学生,filled,留学生対象科目のため、選択科目との重複はOK(指示による)
FGN202k,基礎物理学演習第二,後学期,金,1,濱野　哲子,"クラス5,クラス6,クラス7,クラス8,クラス9,クラス10",filled,
FGN202m,基礎物理学演習第二,後学期,火,1,Hans-Georg Matuttis,"クラス1,クラス2,クラス3,クラス4,クラス5,クラス6,クラス7,クラス8",filled_fallback,担当教員名は時間割画像と直接一致しなかったが、科目名・曜日・時限からクラスを一意に特定(教員名の一致は未確認・指示によりクラスのみ採用)
FGN202m,基礎物理学演習第二,後学期,木,5,中井　日佐司,留学生,filled,留学生対象科目のため、選択科目との重複はOK(指示による)
FGN202m,基礎物理学演習第二,後学期,金,1,濱野　哲子,"クラス5,クラス6,クラス7,クラス8,クラス9,クラス10",filled,
FGN202n,基礎物理学演習第二,後学期,火,1,Hans-Georg Matuttis,"クラス1,クラス2,クラス3,クラス4,クラス5,クラス6,クラス7,クラス8",filled_fallback,担当教員名は時間割画像と直接一致しなかったが、科目名・曜日・時限からクラスを一意に特定(教員名の一致は未確認・指示によりクラスのみ採用)
FGN202n,基礎物理学演習第二,後学期,木,5,中井　日佐司,留学生,filled,留学生対象科目のため、選択科目との重複はOK(指示による)
FGN202n,基礎物理学演習第二,後学期,金,1,濱野　哲子,"クラス5,クラス6,クラス7,クラス8,クラス9,クラス10",filled,
FGN202p,基礎物理学演習第二,後学期,火,1,Hans-Georg Matuttis,"クラス1,クラス2,クラス3,クラス4,クラス5,クラス6,クラス7,クラス8",filled_fallback,担当教員名は時間割画像と直接一致しなかったが、科目名・曜日・時限からクラスを一意に特定(教員名の一致は未確認・指示によりクラスのみ採用)
FGN202p,基礎物理学演習第二,後学期,木,5,中井　日佐司,留学生,filled,留学生対象科目のため、選択科目との重複はOK(指示による)
FGN202p,基礎物理学演習第二,後学期,金,1,濱野　哲子,"クラス5,クラス6,クラス7,クラス8,クラス9,クラス10",filled,
FGN202r,基礎物理学演習第二,後学期,火,1,Hans-Georg Matuttis,"クラス1,クラス2,クラス3,クラス4,クラス5,クラス6,クラス7,クラス8",filled_fallback,担当教員名は時間割画像と直接一致しなかったが、科目名・曜日・時限からクラスを一意に特定(教員名の一致は未確認・指示によりクラスのみ採用)
FGN202r,基礎物理学演習第二,後学期,木,5,中井　日佐司,留学生,filled,留学生対象科目のため、選択科目との重複はOK(指示による)
FGN202r,基礎物理学演習第二,後学期,金,1,濱野　哲子,"クラス5,クラス6,クラス7,クラス8,クラス9,クラス10",filled,
FRE101z,仏語第一,前学期,月,2,長谷川　朋太郎,"クラス1,クラス2,クラス7,クラス8,クラス11,クラス12",unresolved,言語選択科目のため、時間割上は特定クラスに紐付けられない(「言語文化基礎科目Ⅱ※注1」等の共通枠に該当)
FRE101z,仏語第一,前学期,月,3,長谷川　朋太郎,"クラス3,クラス4,クラス5,クラス6,クラス9,クラス10",unresolved,言語選択科目のため、時間割上は特定クラスに紐付けられない(「言語文化基礎科目Ⅱ※注1」等の共通枠に該当)
FRE101z,仏語第一(再履),前学期,月,4,平野　奈津恵,再履生,filled,4限枠は再履修クラスのため、指示によりクラスIDを「再履生」とし科目名に(再履)を付記した
FRE201z,仏語第二,後学期,月,2,長谷川　朋太郎,"クラス1,クラス2,クラス7,クラス8,クラス11,クラス12",unresolved,言語選択科目のため、時間割上は特定クラスに紐付けられない(「言語文化基礎科目Ⅱ※注1」等の共通枠に該当)
FRE201z,仏語第二,後学期,月,3,長谷川　朋太郎,"クラス3,クラス4,クラス5,クラス6,クラス9,クラス10",unresolved,言語選択科目のため、時間割上は特定クラスに紐付けられない(「言語文化基礎科目Ⅱ※注1」等の共通枠に該当)
FRE201z,仏語第二(再履),後学期,月,4,平野　奈津恵,再履生,filled,4限枠は再履修クラスのため、指示によりクラスIDを「再履生」とし科目名に(再履)を付記した
GEO201z,宇宙・地球科学,後学期,木,1,日下部　晴香,全クラス,filled,2クラス同時開講の科目。教員ごとの学籍番号による分担の詳細はPDF本文から確認できず(要確認)、暫定的に両クラスとも全クラス対象として記入
GEO201z,宇宙・地球科学,後学期,木,1,柏野　大地,全クラス,filled,2クラス同時開講の科目。教員ごとの学籍番号による分担の詳細はPDF本文から確認できず(要確認)、暫定的に両クラスとも全クラス対象として記入
GER101z,独語第一,前学期,月,2,鈴木　優花,"クラス1,クラス2,クラス7,クラス8,クラス11,クラス12",filled,同一スロット(月2限)の他の担当教員と同一のクラス分けルールに基づき記入(指示による)
GER101z,独語第一,前学期,月,2,岡野　宏,"クラス1,クラス2,クラス7,クラス8,クラス11,クラス12",unresolved,言語選択科目のため、時間割上は特定クラスに紐付けられない(「言語文化基礎科目Ⅱ※注1」等の共通枠に該当)
GER101z,独語第一,前学期,月,2,白木　和美,"クラス1,クラス2,クラス7,クラス8,クラス11,クラス12",unresolved,言語選択科目のため、時間割上は特定クラスに紐付けられない(「言語文化基礎科目Ⅱ※注1」等の共通枠に該当)
GER101z,独語第一,前学期,月,3,鈴木　優花,"クラス3,クラス4,クラス5,クラス6,クラス9,クラス10",filled,同一スロット(月3限)の他の担当教員と同一のクラス分けルールに基づき記入(指示による)
GER101z,独語第一,前学期,月,3,岡野　宏,"クラス3,クラス4,クラス5,クラス6,クラス9,クラス10",unresolved,言語選択科目のため、時間割上は特定クラスに紐付けられない(「言語文化基礎科目Ⅱ※注1」等の共通枠に該当)
GER101z,独語第一,前学期,月,3,白木　和美,"クラス3,クラス4,クラス5,クラス6,クラス9,クラス10",unresolved,言語選択科目のため、時間割上は特定クラスに紐付けられない(「言語文化基礎科目Ⅱ※注1」等の共通枠に該当)
GER101z,独語第一(再履),前学期,月,4,白木　和美,再履生,filled,4限枠は再履修クラスのため、指示によりクラスIDを「再履生」とし科目名に(再履)を付記した
GER102z,選択独語第一,前学期,木,2,中橋　誠,全クラス,filled,自由選択科目のため特定クラスに紐付かず、指示によりクラス指定なし(全クラス対象)として扱う
GER102z,選択独語第一,前学期,木,2,浜田　郷史,全クラス,filled,自由選択科目のため特定クラスに紐付かず、指示によりクラス指定なし(全クラス対象)として扱う
GER102z,選択独語第一,前学期,木,5,中橋　誠,全クラス,filled,自由選択科目のため特定クラスに紐付かず、指示によりクラス指定なし(全クラス対象)として扱う
GER102z,選択独語第一,前学期,金,5,野内　聡,全クラス,filled,自由選択科目のため特定クラスに紐付かず、指示によりクラス指定なし(全クラス対象)として扱う
GER201z,独語第二,後学期,月,2,鈴木　優花,"クラス1,クラス2,クラス7,クラス8,クラス11,クラス12",filled,同一スロット(月2限)の他の担当教員と同一のクラス分けルールに基づき記入(指示による)
GER201z,独語第二,後学期,月,2,岡野　宏,"クラス1,クラス2,クラス7,クラス8,クラス11,クラス12",unresolved,言語選択科目のため、時間割上は特定クラスに紐付けられない(「言語文化基礎科目Ⅱ※注1」等の共通枠に該当)
GER201z,独語第二,後学期,月,2,白木　和美,"クラス1,クラス2,クラス7,クラス8,クラス11,クラス12",unresolved,言語選択科目のため、時間割上は特定クラスに紐付けられない(「言語文化基礎科目Ⅱ※注1」等の共通枠に該当)
GER201z,独語第二,後学期,月,3,鈴木　優花,"クラス3,クラス4,クラス5,クラス6,クラス9,クラス10",filled,同一スロット(月3限)の他の担当教員と同一のクラス分けルールに基づき記入(指示による)
GER201z,独語第二,後学期,月,3,岡野　宏,"クラス3,クラス4,クラス5,クラス6,クラス9,クラス10",unresolved,言語選択科目のため、時間割上は特定クラスに紐付けられない(「言語文化基礎科目Ⅱ※注1」等の共通枠に該当)
GER201z,独語第二,後学期,月,3,白木　和美,"クラス3,クラス4,クラス5,クラス6,クラス9,クラス10",unresolved,言語選択科目のため、時間割上は特定クラスに紐付けられない(「言語文化基礎科目Ⅱ※注1」等の共通枠に該当)
GER201z,独語第二(再履),後学期,月,4,白木　和美,再履生,filled,4限枠は再履修クラスのため、指示によりクラスIDを「再履生」とし科目名に(再履)を付記した
GER202z,選択独語第二,後学期,木,2,中橋　誠,全クラス,filled,自由選択科目のため特定クラスに紐付かず、指示によりクラス指定なし(全クラス対象)として扱う
GER202z,選択独語第二,後学期,木,2,浜田　郷史,全クラス,filled,自由選択科目のため特定クラスに紐付かず、指示によりクラス指定なし(全クラス対象)として扱う
GER202z,選択独語第二,後学期,木,5,中橋　誠,全クラス,filled,自由選択科目のため特定クラスに紐付かず、指示によりクラス指定なし(全クラス対象)として扱う
GER202z,選択独語第二,後学期,金,5,野内　聡,全クラス,filled,自由選択科目のため特定クラスに紐付かず、指示によりクラス指定なし(全クラス対象)として扱う
GER301z,独語演習,前学期,月,4,中橋　誠,全クラス,filled,自由選択科目のため特定クラスに紐付かず、指示によりクラス指定なし(全クラス対象)として扱う
GER301z,独語演習,前学期,木,1,浜田　郷史,全クラス,filled,自由選択科目のため特定クラスに紐付かず、指示によりクラス指定なし(全クラス対象)として扱う
GER301z,独語演習,前学期,金,4,野内　聡,全クラス,filled,自由選択科目のため特定クラスに紐付かず、指示によりクラス指定なし(全クラス対象)として扱う
GER401z,独語運用演習,後学期,月,4,中橋　誠,全クラス,filled,自由選択科目のため特定クラスに紐付かず、指示によりクラス指定なし(全クラス対象)として扱う
GER401z,独語運用演習,後学期,木,1,浜田　郷史,全クラス,filled,自由選択科目のため特定クラスに紐付かず、指示によりクラス指定なし(全クラス対象)として扱う
GER401z,独語運用演習,後学期,金,4,野内　聡,全クラス,filled,自由選択科目のため特定クラスに紐付かず、指示によりクラス指定なし(全クラス対象)として扱う
GSE301k,計測工学概論,前学期,木,4,中村　仁,"Mエリア(1クラス),Mエリア(2クラス)",filled,
GSE301k,計測工学概論,前学期,木,4,結城　宏信,"Mエリア(3クラス),Mエリア(4クラス)",filled,
GSE301m,計測工学概論,前学期,木,4,中村　仁,"Mエリア(1クラス),Mエリア(2クラス)",filled,
GSE301m,計測工学概論,前学期,木,4,結城　宏信,"Mエリア(3クラス),Mエリア(4クラス)",filled,
GSE301n,計測工学概論,前学期,木,4,中村　仁,"Mエリア(1クラス),Mエリア(2クラス)",filled,
GSE301n,計測工学概論,前学期,木,4,結城　宏信,"Mエリア(3クラス),Mエリア(4クラス)",filled,
GSE301p,計測工学概論,前学期,木,4,中村　仁,"Mエリア(1クラス),Mエリア(2クラス)",filled,
GSE301p,計測工学概論,前学期,木,4,結城　宏信,"Mエリア(3クラス),Mエリア(4クラス)",filled,
GSE301r,計測工学概論,前学期,木,4,中村　仁,"Mエリア(1クラス),Mエリア(2クラス)",filled,
GSE301r,計測工学概論,前学期,木,4,結城　宏信,"Mエリア(3クラス),Mエリア(4クラス)",filled,
GSE601k,デジタル信号処理,後学期,月,3,渡邉　恵理子,"電子工学プログラム,光工学プログラム",filled,
GSE601k,デジタル信号処理,後学期,月,4,金子　修,"セキュリティ情報学プログラム,計測・制御システムプログラム,先端ロボティクスプログラム,機械システムプログラム",filled,
HSP101z,健康論,前学期,月,3,大河原・栃木・○竹内・○八百・○青木,"クラス1,クラス2",filled,
HSP101z,健康論,前学期,月,4,大河原・栃木・○竹内・○八百・○青木,"クラス9,クラス10",filled,
HSP101z,健康論,前学期,木,3,岡田（英）・栃木・○今野・○服部・○塚本,"クラス11,クラス12",filled,
HSP101z,健康論,前学期,木,4,岡田（英）・栃木・○今野・○服部・○塚本,"クラス7,クラス8",filled,
HSP101z,健康論,前学期,金,3,安藤（創）・狩野・星野・栃木・○早川,"クラス3,クラス4",filled,
HSP101z,健康論,前学期,金,4,安藤（創）・狩野・星野・栃木・○早川,"クラス5,クラス6",filled,
HSP201z,健康・体力つくり実習,後学期,月,3,大河原・○竹内・○八百・○青木,"クラス1,クラス2",filled,
HSP201z,健康・体力つくり実習,後学期,月,4,大河原・○竹内・○八百・○青木,"クラス9,クラス10",filled,
HSP201z,健康・体力つくり実習,後学期,木,3,岡田（英）・○今野・○服部・○塚本,"クラス11,クラス12",filled,
HSP201z,健康・体力つくり実習,後学期,木,4,岡田（英）・○今野・○服部・○塚本,"クラス7,クラス8",filled,
HSP201z,健康・体力つくり実習,後学期,金,3,安藤（創）・狩野・星野・○早川,"クラス3,クラス4",filled,
HSP201z,健康・体力つくり実習,後学期,金,4,安藤（創）・狩野・星野・○早川,"クラス5,クラス6",filled,
HSP301z,生涯スポーツ演習Ａ,前学期,火,2,○田中（茂）・○福家・○宮崎・○大辻・○八幡,"Aクラス,Bクラス,Cクラス",filled,
HSP301z,生涯スポーツ演習Ａ,前学期,火,3,○田中（茂）・○福家・○宮崎・○大辻・○八幡,"I1クラス,I2クラス,I3クラス,I4クラス,I5クラス,I6クラス,Mエリア",filled,
HSP301z,生涯スポーツ演習Ａ,前学期,火,4,○田中（茂）・○福家・○宮崎・○大辻・○八幡,"Mエリア(1クラス),Mエリア(2クラス),Mエリア(3クラス),Mエリア(4クラス)",filled,
HSP301z,生涯スポーツ演習Ａ,前学期,水,1,安藤・○田中（喜）,全クラス,filled,3年次までに未修得の学生向けの補講枠のため、指示により全クラス対象として扱う
HSP301z,生涯スポーツ演習Ａ,前学期,水,2,狩野・○田中（喜）,全クラス,filled,3年次までに未修得の学生向けの補講枠のため、指示により全クラス対象として扱う
HSP401z,生涯スポーツ演習Ｂ,後学期,火,2,○田中（茂）・○福家・○宮崎・○大辻・○八幡,"メディア情報学プログラム,経営・社会情報学プログラム,情報数理工学プログラム,コンピュータサイエンスプログラム,デザイン思考・データサイエンスプログラム",filled,
HSP401z,生涯スポーツ演習Ｂ,後学期,火,3,○田中（茂）・○福家・○宮崎・○大辻・○八幡,"セキュリティ情報学プログラム,情報通信工学プログラム,電子情報学プログラム,計測・制御システムプログラム,先端ロボティクスプログラム",filled,
HSP401z,生涯スポーツ演習Ｂ,後学期,火,4,○田中（茂）・○福家・○宮崎・○大辻・○八幡,"機械システムプログラム,電子工学プログラム,光工学プログラム,物理工学プログラム,化学生命工学プログラム",filled,
HSP401z,生涯スポーツ演習Ｂ,後学期,水,1,星野・○田中（喜）,全クラス,filled,3年次までに未修得の学生向けの補講枠のため、指示により全クラス対象として扱う
HSP401z,生涯スポーツ演習Ｂ,後学期,水,2,岡田（英）・〇田中（喜）,全クラス,filled,3年次までに未修得の学生向けの補講枠のため、指示により全クラス対象として扱う
INS501c,情報通信システム,前学期,月,2,八巻　隼人,"情報数理工学プログラム,コンピュータサイエンスプログラム",filled,
INS501c,情報通信システム,前学期,木,4,内海　彰,"メディア情報学プログラム,経営・社会情報学プログラム,デザイン思考・データサイエンスプログラム",filled,
INS501d,情報通信システム,前学期,月,2,八巻　隼人,"情報数理工学プログラム,コンピュータサイエンスプログラム",filled,
INS501d,情報通信システム,前学期,木,4,内海　彰,"メディア情報学プログラム,経営・社会情報学プログラム,デザイン思考・データサイエンスプログラム",filled,
INT001z,UEC Academic Skills Ⅰ (Computer Literacy),前学期,火,1,Choo　Cheow　Keong,留学生,filled,時間割の脚注(注１)に火１限固定で記載されている国際科目のため、留学生向け科目として扱う
INT001z,UEC Academic Skills Ⅰ (Computer Literacy),後学期,火,1,Choo　Cheow　Keong,留学生,filled,時間割の脚注(注１)に火１限固定で記載されている国際科目のため、留学生向け科目として扱う
KOR101z,韓国朝鮮語第一,前学期,月,2,張　河林,"クラス1,クラス2,クラス7,クラス8,クラス11,クラス12",unresolved,言語選択科目のため、時間割上は特定クラスに紐付けられない(「言語文化基礎科目Ⅱ※注1」等の共通枠に該当)
KOR101z,韓国朝鮮語第一,前学期,月,3,張　河林,"クラス3,クラス4,クラス5,クラス6,クラス9,クラス10",unresolved,言語選択科目のため、時間割上は特定クラスに紐付けられない(「言語文化基礎科目Ⅱ※注1」等の共通枠に該当)
KOR101z,韓国朝鮮語第一(再履),前学期,月,4,姜　勝薫,再履生,filled,4限枠は再履修クラスのため、指示によりクラスIDを「再履生」とし科目名に(再履)を付記した
KOR201z,韓国朝鮮語第二,後学期,月,2,張　河林,"クラス1,クラス2,クラス7,クラス8,クラス11,クラス12",unresolved,言語選択科目のため、時間割上は特定クラスに紐付けられない(「言語文化基礎科目Ⅱ※注1」等の共通枠に該当)
KOR201z,韓国朝鮮語第二,後学期,月,3,張　河林,"クラス3,クラス4,クラス5,クラス6,クラス9,クラス10",unresolved,言語選択科目のため、時間割上は特定クラスに紐付けられない(「言語文化基礎科目Ⅱ※注1」等の共通枠に該当)
KOR201z,韓国朝鮮語第二(再履),後学期,月,4,姜　勝薫,再履生,filled,4限枠は再履修クラスのため、指示によりクラスIDを「再履生」とし科目名に(再履)を付記した
MCE401i,機械力学および演習,後学期,木,3,田中　一男,機械システムプログラム,filled,同じクラス内で学籍番号(奇数/偶数等)により「材料力学および演習」と「機械力学および演習」に分かれる枠のため、クラス単位のclass_idでは表現できない。指示により機械システムプログラムとだけ記入し、具体的な学籍番号による分割は未確定である旨を注記する(要個別対応)
MCE401i,機械力学および演習,後学期,木,4,田中　一男,先端ロボティクスプログラム,filled,
MCE401i,機械力学および演習,後学期,金,2,小池　卓二,機械システムプログラム,filled,同じクラス内で学籍番号(奇数/偶数等)により「材料力学および演習」と「機械力学および演習」に分かれる枠のため、クラス単位のclass_idでは表現できない。指示により機械システムプログラムとだけ記入し、具体的な学籍番号による分割は未確定である旨を注記する(要個別対応)
MCE401i,機械力学および演習,後学期,金,3,小池　卓二,機械システムプログラム,filled,同じクラス内で学籍番号(奇数/偶数等)により「材料力学および演習」と「機械力学および演習」に分かれる枠のため、クラス単位のclass_idでは表現できない。指示により機械システムプログラムとだけ記入し、具体的な学籍番号による分割は未確定である旨を注記する(要個別対応)
MCE401j,機械力学および演習,後学期,木,3,田中　一男,機械システムプログラム,filled,同じクラス内で学籍番号(奇数/偶数等)により「材料力学および演習」と「機械力学および演習」に分かれる枠のため、クラス単位のclass_idでは表現できない。指示により機械システムプログラムとだけ記入し、具体的な学籍番号による分割は未確定である旨を注記する(要個別対応)
MCE401j,機械力学および演習,後学期,木,4,田中　一男,先端ロボティクスプログラム,filled,
MCE401j,機械力学および演習,後学期,金,2,小池　卓二,機械システムプログラム,filled,同じクラス内で学籍番号(奇数/偶数等)により「材料力学および演習」と「機械力学および演習」に分かれる枠のため、クラス単位のclass_idでは表現できない。指示により機械システムプログラムとだけ記入し、具体的な学籍番号による分割は未確定である旨を注記する(要個別対応)
MCE401j,機械力学および演習,後学期,金,3,小池　卓二,機械システムプログラム,filled,同じクラス内で学籍番号(奇数/偶数等)により「材料力学および演習」と「機械力学および演習」に分かれる枠のため、クラス単位のclass_idでは表現できない。指示により機械システムプログラムとだけ記入し、具体的な学籍番号による分割は未確定である旨を注記する(要個別対応)
MCE401k,材料力学および演習,後学期,木,3,松村　隆,機械システムプログラム,filled,同じクラス内で学籍番号(奇数/偶数等)により「材料力学および演習」と「機械力学および演習」に分かれる枠のため、クラス単位のclass_idでは表現できない。指示により機械システムプログラムとだけ記入し、具体的な学籍番号による分割は未確定である旨を注記する(要個別対応)
MCE401k,材料力学および演習,後学期,木,4,松村　隆,"計測・制御システムプログラム,機械システムプログラム",filled,
MCE401k,材料力学および演習,後学期,金,2,久保木　孝,機械システムプログラム,filled,同じクラス内で学籍番号(奇数/偶数等)により「材料力学および演習」と「機械力学および演習」に分かれる枠のため、クラス単位のclass_idでは表現できない。指示により機械システムプログラムとだけ記入し、具体的な学籍番号による分割は未確定である旨を注記する(要個別対応)
MCE401k,材料力学および演習,後学期,金,3,久保木　孝,機械システムプログラム,filled,同じクラス内で学籍番号(奇数/偶数等)により「材料力学および演習」と「機械力学および演習」に分かれる枠のため、クラス単位のclass_idでは表現できない。指示により機械システムプログラムとだけ記入し、具体的な学籍番号による分割は未確定である旨を注記する(要個別対応)
MCE402i,材料力学および演習,後学期,木,3,松村　隆,機械システムプログラム,filled,同じクラス内で学籍番号(奇数/偶数等)により「材料力学および演習」と「機械力学および演習」に分かれる枠のため、クラス単位のclass_idでは表現できない。指示により機械システムプログラムとだけ記入し、具体的な学籍番号による分割は未確定である旨を注記する(要個別対応)
MCE402i,材料力学および演習,後学期,木,4,松村　隆,"計測・制御システムプログラム,機械システムプログラム",filled,
MCE402i,材料力学および演習,後学期,金,2,久保木　孝,機械システムプログラム,filled,同じクラス内で学籍番号(奇数/偶数等)により「材料力学および演習」と「機械力学および演習」に分かれる枠のため、クラス単位のclass_idでは表現できない。指示により機械システムプログラムとだけ記入し、具体的な学籍番号による分割は未確定である旨を注記する(要個別対応)
MCE402i,材料力学および演習,後学期,金,3,久保木　孝,機械システムプログラム,filled,同じクラス内で学籍番号(奇数/偶数等)により「材料力学および演習」と「機械力学および演習」に分かれる枠のため、クラス単位のclass_idでは表現できない。指示により機械システムプログラムとだけ記入し、具体的な学籍番号による分割は未確定である旨を注記する(要個別対応)
MCE402j,材料力学および演習,後学期,木,3,松村　隆,機械システムプログラム,filled,同じクラス内で学籍番号(奇数/偶数等)により「材料力学および演習」と「機械力学および演習」に分かれる枠のため、クラス単位のclass_idでは表現できない。指示により機械システムプログラムとだけ記入し、具体的な学籍番号による分割は未確定である旨を注記する(要個別対応)
MCE402j,材料力学および演習,後学期,木,4,松村　隆,"計測・制御システムプログラム,機械システムプログラム",filled,
MCE402j,材料力学および演習,後学期,金,2,久保木　孝,機械システムプログラム,filled,同じクラス内で学籍番号(奇数/偶数等)により「材料力学および演習」と「機械力学および演習」に分かれる枠のため、クラス単位のclass_idでは表現できない。指示により機械システムプログラムとだけ記入し、具体的な学籍番号による分割は未確定である旨を注記する(要個別対応)
MCE402j,材料力学および演習,後学期,金,3,久保木　孝,機械システムプログラム,filled,同じクラス内で学籍番号(奇数/偶数等)により「材料力学および演習」と「機械力学および演習」に分かれる枠のため、クラス単位のclass_idでは表現できない。指示により機械システムプログラムとだけ記入し、具体的な学籍番号による分割は未確定である旨を注記する(要個別対応)
MCE403k,機械力学および演習,後学期,木,3,田中　一男,機械システムプログラム,filled,同じクラス内で学籍番号(奇数/偶数等)により「材料力学および演習」と「機械力学および演習」に分かれる枠のため、クラス単位のclass_idでは表現できない。指示により機械システムプログラムとだけ記入し、具体的な学籍番号による分割は未確定である旨を注記する(要個別対応)
MCE403k,機械力学および演習,後学期,木,4,田中　一男,先端ロボティクスプログラム,filled,
MCE403k,機械力学および演習,後学期,金,2,小池　卓二,機械システムプログラム,filled,同じクラス内で学籍番号(奇数/偶数等)により「材料力学および演習」と「機械力学および演習」に分かれる枠のため、クラス単位のclass_idでは表現できない。指示により機械システムプログラムとだけ記入し、具体的な学籍番号による分割は未確定である旨を注記する(要個別対応)
MCE403k,機械力学および演習,後学期,金,3,小池　卓二,機械システムプログラム,filled,同じクラス内で学籍番号(奇数/偶数等)により「材料力学および演習」と「機械力学および演習」に分かれる枠のため、クラス単位のclass_idでは表現できない。指示により機械システムプログラムとだけ記入し、具体的な学籍番号による分割は未確定である旨を注記する(要個別対応)
MCE501i,基礎制御工学および演習,前学期,火,1,金子　修,"先端ロボティクスプログラム,機械システムプログラム",filled,
MCE501i,基礎制御工学および演習,前学期,火,2,金子　修,"先端ロボティクスプログラム,機械システムプログラム",filled,
MCE501i,基礎制御工学および演習,前学期,金,1,定本　知徳,"計測・制御システムプログラム,機械システムプログラム",filled_fallback,担当教員名は時間割画像と直接一致しなかったが、科目名・曜日・時限からクラスを一意に特定(教員名の一致は未確認・指示によりクラスのみ採用)
MCE501i,基礎制御工学および演習,前学期,金,2,定本　知徳,"計測・制御システムプログラム,機械システムプログラム",filled,
MCE505j,基礎制御工学および演習,前学期,火,1,金子　修,"先端ロボティクスプログラム,機械システムプログラム",filled,
MCE505j,基礎制御工学および演習,前学期,火,2,金子　修,"先端ロボティクスプログラム,機械システムプログラム",filled,
MCE505j,基礎制御工学および演習,前学期,金,1,定本　知徳,"計測・制御システムプログラム,機械システムプログラム",filled_fallback,担当教員名は時間割画像と直接一致しなかったが、科目名・曜日・時限からクラスを一意に特定(教員名の一致は未確認・指示によりクラスのみ採用)
MCE505j,基礎制御工学および演習,前学期,金,2,定本　知徳,"計測・制御システムプログラム,機械システムプログラム",filled,
MCE507k,基礎制御工学および演習,前学期,火,1,金子　修,"先端ロボティクスプログラム,機械システムプログラム",filled,
MCE507k,基礎制御工学および演習,前学期,火,2,金子　修,"先端ロボティクスプログラム,機械システムプログラム",filled,
MCE507k,基礎制御工学および演習,前学期,金,1,定本　知徳,"計測・制御システムプログラム,機械システムプログラム",filled_fallback,担当教員名は時間割画像と直接一致しなかったが、科目名・曜日・時限からクラスを一意に特定(教員名の一致は未確認・指示によりクラスのみ採用)
MCE507k,基礎制御工学および演習,前学期,金,2,定本　知徳,"計測・制御システムプログラム,機械システムプログラム",filled,
MSS401a,オペレーションズ・リサーチ基礎,後学期,木,2,岩﨑　敦,"メディア情報学プログラム,経営・社会情報学プログラム,デザイン思考・データサイエンスプログラム",filled,
MSS401a,オペレーションズ・リサーチ基礎,後学期,木,3,木下　雄貴,"情報数理工学プログラム,コンピュータサイエンスプログラム",filled,
MSS401b,オペレーションズ・リサーチ基礎,後学期,木,2,岩﨑　敦,"メディア情報学プログラム,経営・社会情報学プログラム,デザイン思考・データサイエンスプログラム",filled,
MSS401b,オペレーションズ・リサーチ基礎,後学期,木,3,木下　雄貴,"情報数理工学プログラム,コンピュータサイエンスプログラム",filled,
MSS401c,オペレーションズ・リサーチ基礎,後学期,木,2,岩﨑　敦,"メディア情報学プログラム,経営・社会情報学プログラム,デザイン思考・データサイエンスプログラム",filled,
MSS401c,オペレーションズ・リサーチ基礎,後学期,木,3,木下　雄貴,"情報数理工学プログラム,コンピュータサイエンスプログラム",filled,
MSS401d,オペレーションズ・リサーチ基礎,後学期,木,2,岩﨑　敦,"メディア情報学プログラム,経営・社会情報学プログラム,デザイン思考・データサイエンスプログラム",filled,
MSS401d,オペレーションズ・リサーチ基礎,後学期,木,3,木下　雄貴,"情報数理工学プログラム,コンピュータサイエンスプログラム",filled,
MSS401e,オペレーションズ・リサーチ基礎,後学期,木,2,岩﨑　敦,"メディア情報学プログラム,経営・社会情報学プログラム,デザイン思考・データサイエンスプログラム",filled,
MSS401e,オペレーションズ・リサーチ基礎,後学期,木,3,木下　雄貴,"情報数理工学プログラム,コンピュータサイエンスプログラム",filled,
MTH101z,微分積分学第一,前学期,月,4,田原　康之,クラス4,filled,
MTH101z,微分積分学第一,前学期,火,1,林　誠,クラス7,filled,
MTH101z,微分積分学第一,前学期,火,2,林　誠,クラス8,filled,
MTH101z,微分積分学第一,前学期,火,2,谷口　淳子,クラス9,filled,
MTH101z,微分積分学第一,前学期,火,3,天野　友之,クラス1,filled,
MTH101z,微分積分学第一,前学期,火,3,齋藤　平和,クラス5,filled,
MTH101z,微分積分学第一,前学期,火,3,大野　真裕,クラス11,filled,
MTH101z,微分積分学第一,前学期,水,1,羽賀　淳一,クラス2,filled,
MTH101z,微分積分学第一,前学期,水,2,天野　友之,クラス3,filled,
MTH101z,微分積分学第一,前学期,水,2,羽賀　淳一,クラス10,filled,
MTH101z,微分積分学第一,前学期,金,2,国定　亮一,クラス6,filled,
MTH101z,微分積分学第一,前学期,金,3,国定　亮一,クラス12,filled,
MTH102z,線形代数学第一,前学期,火,2,大野　真裕,クラス4,filled,
MTH102z,線形代数学第一,前学期,水,2,伊東　裕也,クラス5,filled,
MTH102z,線形代数学第一,前学期,水,2,山田　裕一,クラス6,filled,
MTH102z,線形代数学第一,前学期,木,3,陸名　雄一,クラス2,filled,指示による
MTH102z,線形代数学第一,前学期,木,3,三好　啓也,クラス10,filled,
MTH102z,線形代数学第一,前学期,木,4,三好　啓也,クラス1,filled,
MTH102z,線形代数学第一,前学期,木,4,陸名　雄一,クラス9,filled,
MTH102z,線形代数学第一,前学期,金,1,中井　洋史,クラス8,filled,
MTH102z,線形代数学第一,前学期,金,2,石川　大蔵,クラス3,filled,
MTH102z,線形代数学第一,前学期,金,2,中井　洋史,クラス11,filled,
MTH102z,線形代数学第一,前学期,金,2,石田　晴久,クラス12,filled,PDF確認の結果、化学概論第一の石田(尚)とは別人(石田晴久)と判明したため、単独セルのクラス12を採用
MTH102z,線形代数学第一,前学期,金,3,石田　晴久,クラス7,filled,PDF確認の結果、化学概論第一の石田(尚)とは別人(石田晴久)と判明したため、単独セルのクラス7を採用
MTH103z,数学演習第一,前学期,水,3,伊藤　賢一,クラス1,filled,
MTH103z,数学演習第一,前学期,水,3,石田　晴久,クラス2,filled,
MTH103z,数学演習第一,前学期,水,3,鄭  翀,クラス3,filled,指示による
MTH103z,数学演習第一,前学期,水,3,榎本　直也,クラス9,filled,
MTH103z,数学演習第一,前学期,水,3,関根　正幸,クラス11,filled,
MTH103z,数学演習第一,前学期,水,3,中村　友哉,クラス12,filled,指示による
MTH103z,数学演習第一,前学期,水,4,中村　友哉,クラス4,filled,指示による
MTH103z,数学演習第一,前学期,水,4,関根　正幸,クラス5,filled,
MTH103z,数学演習第一,前学期,水,4,榎本　直也,クラス6,filled,
MTH103z,数学演習第一,前学期,水,4,伊藤　賢一,クラス7,filled,
MTH103z,数学演習第一,前学期,水,4,丸亀　泰二,クラス8,filled,
MTH103z,数学演習第一,前学期,水,4,鄭  翀,クラス10,filled,指示による
MTH201z,微分積分学第二,後学期,火,1,林　誠,クラス12,filled,
MTH201z,微分積分学第二,後学期,火,2,天野　友之,クラス7,filled,
MTH201z,微分積分学第二,後学期,火,2,林　誠,クラス9,filled,
MTH201z,微分積分学第二,後学期,火,3,石田　晴久,クラス3,filled,
MTH201z,微分積分学第二,後学期,火,3,石上　嘉康,クラス6,filled,
MTH201z,微分積分学第二,後学期,火,4,山田　裕一,クラス10,filled,
MTH201z,微分積分学第二,後学期,水,2,伊東　裕也,クラス4,filled,
MTH201z,微分積分学第二,後学期,水,2,天野　友之,クラス5,filled,
MTH201z,微分積分学第二,後学期,金,2,国定　亮一,クラス1,filled,
MTH201z,微分積分学第二,後学期,金,2,榎本　直也,クラス2,filled,
MTH201z,微分積分学第二,後学期,金,3,国定　亮一,クラス8,filled,
MTH201z,微分積分学第二,後学期,金,4,榎本　直也,クラス11,filled,
MTH202z,線形代数学第二,後学期,月,2,大野　真裕,クラス5,filled,
MTH202z,線形代数学第二,後学期,火,2,山田　裕一,クラス8,filled,
MTH202z,線形代数学第二,後学期,火,3,天野　友之,クラス11,filled,
MTH202z,線形代数学第二,後学期,水,2,大野　真裕,クラス6,filled,
MTH202z,線形代数学第二,後学期,木,3,陸名　雄一,クラス1,filled,
MTH202z,線形代数学第二,後学期,木,3,三好　啓也,クラス2,filled,
MTH202z,線形代数学第二,後学期,木,4,三好　啓也,クラス9,filled,
MTH202z,線形代数学第二,後学期,木,4,陸名　雄一,クラス10,filled,
MTH202z,線形代数学第二,後学期,金,1,中井　洋史,クラス4,filled,
MTH202z,線形代数学第二,後学期,金,2,中井　洋史,クラス3,filled,
MTH202z,線形代数学第二,後学期,金,2,村松　大陸,クラス7,filled,
MTH202z,線形代数学第二,後学期,金,2,石川　大蔵,クラス12,filled,
MTH203z,解析学,後学期,月,2,緒方　秀教,クラス4,filled,
MTH203z,解析学,後学期,月,4,齋藤　平和,クラス3,filled,
MTH203z,解析学,後学期,火,3,齋藤　平和,クラス1,filled,
MTH203z,解析学,後学期,火,4,伊東　裕也,クラス2,filled,
MTH203z,解析学,後学期,木,3,石田　晴久,クラス9,filled,
MTH203z,解析学,後学期,木,3,伊東　裕也,クラス10,filled,
MTH203z,解析学,後学期,金,1,池田　和正,クラス11,filled,
MTH203z,解析学,後学期,金,1,加治佐　博幸,クラス12,filled,
MTH203z,解析学,後学期,金,2,羽賀　淳一,クラス5,filled,
MTH203z,解析学,後学期,金,2,池田　和正,クラス6,filled,
MTH203z,解析学,後学期,金,2,加治佐　博幸,クラス8,filled,
MTH203z,解析学,後学期,金,3,羽賀　淳一,クラス7,filled,
MTH204z,数学演習第二,後学期,水,3,関根　正幸,クラス3,filled,
MTH204z,数学演習第二,後学期,水,3,丸亀　泰二,クラス4,filled,
MTH204z,数学演習第二,後学期,水,3,木下　智晴,クラス5,filled,
MTH204z,数学演習第二,後学期,水,3,榎本　直也,クラス8,filled,
MTH204z,数学演習第二,後学期,水,3,中村　友哉,クラス11,filled,指示による
MTH204z,数学演習第二,後学期,水,3,伊藤　賢一,クラス12,filled,
MTH204z,数学演習第二,後学期,水,4,木下　智晴,クラス1,filled,
MTH204z,数学演習第二,後学期,水,4,丸亀　泰二,クラス2,filled,
MTH204z,数学演習第二,後学期,水,4,伊藤　賢一,クラス6,filled,
MTH204z,数学演習第二,後学期,水,4,関根　正幸,クラス7,filled,
MTH204z,数学演習第二,後学期,水,4,齋藤　平和,クラス9,filled,
MTH204z,数学演習第二,後学期,水,4,中村　友哉,クラス10,filled,指示による
MTH205a,離散数学,後学期,月,1,植野　真臣,Aクラス,filled,月1限で隣接する高橋(Bクラス)・情報領域演習第一(Cクラス、指示による)との並びから、残るAクラスに該当すると判断(あずの指示ではなく、このセッションでの推測のため要確認)
MTH205a,離散数学,後学期,月,1,高橋　里司,Bクラス,filled,指示による
MTH205a,離散数学,後学期,水,1,伊藤　大雄,"クラス3,クラス4",filled,
MTH205b,離散数学,後学期,月,1,植野　真臣,Aクラス,filled,月1限で隣接する高橋(Bクラス)・情報領域演習第一(Cクラス、指示による)との並びから、残るAクラスに該当すると判断(あずの指示ではなく、このセッションでの推測のため要確認)
MTH205b,離散数学,後学期,月,1,高橋　里司,Bクラス,filled,指示による
MTH205b,離散数学,後学期,水,1,伊藤　大雄,"クラス3,クラス4",filled,
MTH205c,離散数学,後学期,月,1,植野　真臣,Aクラス,filled,月1限で隣接する高橋(Bクラス)・情報領域演習第一(Cクラス、指示による)との並びから、残るAクラスに該当すると判断(あずの指示ではなく、このセッションでの推測のため要確認)
MTH205c,離散数学,後学期,月,1,高橋　里司,Bクラス,filled,指示による
MTH205c,離散数学,後学期,水,1,伊藤　大雄,"クラス3,クラス4",filled,
MTH205d,離散数学,後学期,月,1,植野　真臣,Aクラス,filled,月1限で隣接する高橋(Bクラス)・情報領域演習第一(Cクラス、指示による)との並びから、残るAクラスに該当すると判断(あずの指示ではなく、このセッションでの推測のため要確認)
MTH205d,離散数学,後学期,月,1,高橋　里司,Bクラス,filled,指示による
MTH205d,離散数学,後学期,水,1,伊藤　大雄,"クラス3,クラス4",filled,
MTH205e,離散数学,後学期,月,1,植野　真臣,Aクラス,filled,月1限で隣接する高橋(Bクラス)・情報領域演習第一(Cクラス、指示による)との並びから、残るAクラスに該当すると判断(あずの指示ではなく、このセッションでの推測のため要確認)
MTH205e,離散数学,後学期,月,1,高橋　里司,Bクラス,filled,指示による
MTH205e,離散数学,後学期,水,1,伊藤　大雄,"クラス3,クラス4",filled,
MTH301f,確率統計,前学期,金,3,小川　朋宏,"I1クラス,I2クラス,I3クラス",filled,担当教員別のクラス分けを指示に基づき記入
MTH301f,確率統計,前学期,金,3,尚　方,"I4クラス,I5クラス,I6クラス",filled,担当教員別のクラス分けを指示に基づき記入
MTH301f,確率統計,前学期,金,3,SANTOSO　BAGUS,Mエリア,filled,担当教員別のクラス分けを指示に基づき記入
MTH301f,確率統計,後学期,月,5,大濱　靖匡,再履全員,filled,再履修クラスのため(指示による)
MTH301g,確率統計,前学期,金,3,小川　朋宏,"I1クラス,I2クラス,I3クラス",filled,担当教員別のクラス分けを指示に基づき記入
MTH301g,確率統計,前学期,金,3,尚　方,"I4クラス,I5クラス,I6クラス",filled,担当教員別のクラス分けを指示に基づき記入
MTH301g,確率統計,前学期,金,3,SANTOSO　BAGUS,Mエリア,filled,担当教員別のクラス分けを指示に基づき記入
MTH301g,確率統計,後学期,月,5,大濱　靖匡,再履全員,filled,再履修クラスのため(指示による)
MTH301h,確率統計,前学期,金,3,小川　朋宏,"I1クラス,I2クラス,I3クラス",filled,担当教員別のクラス分けを指示に基づき記入
MTH301h,確率統計,前学期,金,3,尚　方,"I4クラス,I5クラス,I6クラス",filled,担当教員別のクラス分けを指示に基づき記入
MTH301h,確率統計,前学期,金,3,SANTOSO　BAGUS,Mエリア,filled,担当教員別のクラス分けを指示に基づき記入
MTH301h,確率統計,後学期,月,5,大濱　靖匡,再履全員,filled,再履修クラスのため(指示による)
MTH301i,確率統計,前学期,金,3,小川　朋宏,"I1クラス,I2クラス,I3クラス",filled,担当教員別のクラス分けを指示に基づき記入
MTH301i,確率統計,前学期,金,3,尚　方,"I4クラス,I5クラス,I6クラス",filled,担当教員別のクラス分けを指示に基づき記入
MTH301i,確率統計,前学期,金,3,SANTOSO　BAGUS,Mエリア,filled,担当教員別のクラス分けを指示に基づき記入
MTH301i,確率統計,後学期,月,5,大濱　靖匡,再履全員,filled,再履修クラスのため(指示による)
MTH301j,確率統計,前学期,金,3,小川　朋宏,"I1クラス,I2クラス,I3クラス",filled,担当教員別のクラス分けを指示に基づき記入
MTH301j,確率統計,前学期,金,3,尚　方,"I4クラス,I5クラス,I6クラス",filled,担当教員別のクラス分けを指示に基づき記入
MTH301j,確率統計,前学期,金,3,SANTOSO　BAGUS,Mエリア,filled,担当教員別のクラス分けを指示に基づき記入
MTH301j,確率統計,後学期,月,5,大濱　靖匡,再履全員,filled,再履修クラスのため(指示による)
MTH301k,工学基礎数学および演習,前学期,金,1,千葉　一永,Mエリア(1クラス),filled_propagated,金2限と連続する合併コマ(同一科目・同一曜日・同一教員が複数時限にまたがる講義)と判断し、時間割画像で教員名まで確認済みの2限側のクラス割当をそのまま採用
MTH301k,工学基礎数学および演習,前学期,金,2,千葉　一永,Mエリア(1クラス),filled,
MTH301k,工学基礎数学および演習,前学期,金,1,張　贇,Mエリア(2クラス),filled,指示による(金1限は金2限と同一枠の重複行。「波動と光」との競合はⅡ類/Ⅲ類で対象が別なため実際は無関係)
MTH301k,工学基礎数学および演習,前学期,金,2,張　贇,Mエリア(2クラス),filled,指示による(あずの記入は「三類2クラス」表記だったが、同じ枠の他の担当教員(千葉→Mエリア(1クラス)等)と表記を揃えてMエリア(2クラス)とした)
MTH301k,工学基礎数学および演習,前学期,金,1,塚本　貴広,Mエリア(3クラス),filled_propagated,金2限と連続する合併コマ(同一科目・同一曜日・同一教員が複数時限にまたがる講義)と判断し、時間割画像で教員名まで確認済みの2限側のクラス割当をそのまま採用
MTH301k,工学基礎数学および演習,前学期,金,2,塚本　貴広,Mエリア(3クラス),filled,
MTH301k,工学基礎数学および演習,前学期,金,1,加藤　峰士,Mエリア(4クラス),filled_propagated,金2限と連続する合併コマ(同一科目・同一曜日・同一教員が複数時限にまたがる講義)と判断し、時間割画像で教員名まで確認済みの2限側のクラス割当をそのまま採用
MTH301k,工学基礎数学および演習,前学期,金,2,加藤　峰士,Mエリア(4クラス),filled,
MTH301m,工学基礎数学および演習,前学期,金,1,千葉　一永,Mエリア(1クラス),filled_propagated,金2限と連続する合併コマ(同一科目・同一曜日・同一教員が複数時限にまたがる講義)と判断し、時間割画像で教員名まで確認済みの2限側のクラス割当をそのまま採用
MTH301m,工学基礎数学および演習,前学期,金,2,千葉　一永,Mエリア(1クラス),filled,
MTH301m,工学基礎数学および演習,前学期,金,1,張　贇,Mエリア(2クラス),filled,指示による(金1限は金2限と同一枠の重複行。「波動と光」との競合はⅡ類/Ⅲ類で対象が別なため実際は無関係)
MTH301m,工学基礎数学および演習,前学期,金,2,張　贇,Mエリア(2クラス),filled,指示による(あずの記入は「三類2クラス」表記だったが、同じ枠の他の担当教員(千葉→Mエリア(1クラス)等)と表記を揃えてMエリア(2クラス)とした)
MTH301m,工学基礎数学および演習,前学期,金,1,塚本　貴広,Mエリア(3クラス),filled_propagated,金2限と連続する合併コマ(同一科目・同一曜日・同一教員が複数時限にまたがる講義)と判断し、時間割画像で教員名まで確認済みの2限側のクラス割当をそのまま採用
MTH301m,工学基礎数学および演習,前学期,金,2,塚本　貴広,Mエリア(3クラス),filled,
MTH301m,工学基礎数学および演習,前学期,金,1,加藤　峰士,Mエリア(4クラス),filled_propagated,金2限と連続する合併コマ(同一科目・同一曜日・同一教員が複数時限にまたがる講義)と判断し、時間割画像で教員名まで確認済みの2限側のクラス割当をそのまま採用
MTH301m,工学基礎数学および演習,前学期,金,2,加藤　峰士,Mエリア(4クラス),filled,
MTH301n,工学基礎数学および演習,前学期,金,1,千葉　一永,Mエリア(1クラス),filled_propagated,金2限と連続する合併コマ(同一科目・同一曜日・同一教員が複数時限にまたがる講義)と判断し、時間割画像で教員名まで確認済みの2限側のクラス割当をそのまま採用
MTH301n,工学基礎数学および演習,前学期,金,2,千葉　一永,Mエリア(1クラス),filled,
MTH301n,工学基礎数学および演習,前学期,金,1,張　贇,Mエリア(2クラス),filled,指示による(金1限は金2限と同一枠の重複行。「波動と光」との競合はⅡ類/Ⅲ類で対象が別なため実際は無関係)
MTH301n,工学基礎数学および演習,前学期,金,2,張　贇,Mエリア(2クラス),filled,指示による(あずの記入は「三類2クラス」表記だったが、同じ枠の他の担当教員(千葉→Mエリア(1クラス)等)と表記を揃えてMエリア(2クラス)とした)
MTH301n,工学基礎数学および演習,前学期,金,1,塚本　貴広,Mエリア(3クラス),filled_propagated,金2限と連続する合併コマ(同一科目・同一曜日・同一教員が複数時限にまたがる講義)と判断し、時間割画像で教員名まで確認済みの2限側のクラス割当をそのまま採用
MTH301n,工学基礎数学および演習,前学期,金,2,塚本　貴広,Mエリア(3クラス),filled,
MTH301n,工学基礎数学および演習,前学期,金,1,加藤　峰士,Mエリア(4クラス),filled_propagated,金2限と連続する合併コマ(同一科目・同一曜日・同一教員が複数時限にまたがる講義)と判断し、時間割画像で教員名まで確認済みの2限側のクラス割当をそのまま採用
MTH301n,工学基礎数学および演習,前学期,金,2,加藤　峰士,Mエリア(4クラス),filled,
MTH301p,工学基礎数学および演習,前学期,金,1,千葉　一永,Mエリア(1クラス),filled_propagated,金2限と連続する合併コマ(同一科目・同一曜日・同一教員が複数時限にまたがる講義)と判断し、時間割画像で教員名まで確認済みの2限側のクラス割当をそのまま採用
MTH301p,工学基礎数学および演習,前学期,金,2,千葉　一永,Mエリア(1クラス),filled,
MTH301p,工学基礎数学および演習,前学期,金,1,張　贇,Mエリア(2クラス),filled,指示による(金1限は金2限と同一枠の重複行。「波動と光」との競合はⅡ類/Ⅲ類で対象が別なため実際は無関係)
MTH301p,工学基礎数学および演習,前学期,金,2,張　贇,Mエリア(2クラス),filled,指示による(あずの記入は「三類2クラス」表記だったが、同じ枠の他の担当教員(千葉→Mエリア(1クラス)等)と表記を揃えてMエリア(2クラス)とした)
MTH301p,工学基礎数学および演習,前学期,金,1,塚本　貴広,Mエリア(3クラス),filled_propagated,金2限と連続する合併コマ(同一科目・同一曜日・同一教員が複数時限にまたがる講義)と判断し、時間割画像で教員名まで確認済みの2限側のクラス割当をそのまま採用
MTH301p,工学基礎数学および演習,前学期,金,2,塚本　貴広,Mエリア(3クラス),filled,
MTH301p,工学基礎数学および演習,前学期,金,1,加藤　峰士,Mエリア(4クラス),filled_propagated,金2限と連続する合併コマ(同一科目・同一曜日・同一教員が複数時限にまたがる講義)と判断し、時間割画像で教員名まで確認済みの2限側のクラス割当をそのまま採用
MTH301p,工学基礎数学および演習,前学期,金,2,加藤　峰士,Mエリア(4クラス),filled,
MTH301r,工学基礎数学および演習,前学期,金,1,千葉　一永,Mエリア(1クラス),filled_propagated,金2限と連続する合併コマ(同一科目・同一曜日・同一教員が複数時限にまたがる講義)と判断し、時間割画像で教員名まで確認済みの2限側のクラス割当をそのまま採用
MTH301r,工学基礎数学および演習,前学期,金,2,千葉　一永,Mエリア(1クラス),filled,
MTH301r,工学基礎数学および演習,前学期,金,1,張　贇,Mエリア(2クラス),filled,指示による(金1限は金2限と同一枠の重複行。「波動と光」との競合はⅡ類/Ⅲ類で対象が別なため実際は無関係)
MTH301r,工学基礎数学および演習,前学期,金,2,張　贇,Mエリア(2クラス),filled,指示による(あずの記入は「三類2クラス」表記だったが、同じ枠の他の担当教員(千葉→Mエリア(1クラス)等)と表記を揃えてMエリア(2クラス)とした)
MTH301r,工学基礎数学および演習,前学期,金,1,塚本　貴広,Mエリア(3クラス),filled_propagated,金2限と連続する合併コマ(同一科目・同一曜日・同一教員が複数時限にまたがる講義)と判断し、時間割画像で教員名まで確認済みの2限側のクラス割当をそのまま採用
MTH301r,工学基礎数学および演習,前学期,金,2,塚本　貴広,Mエリア(3クラス),filled,
MTH301r,工学基礎数学および演習,前学期,金,1,加藤　峰士,Mエリア(4クラス),filled_propagated,金2限と連続する合併コマ(同一科目・同一曜日・同一教員が複数時限にまたがる講義)と判断し、時間割画像で教員名まで確認済みの2限側のクラス割当をそのまま採用
MTH301r,工学基礎数学および演習,前学期,金,2,加藤　峰士,Mエリア(4クラス),filled,
MTH302i,複素関数論,前学期,水,3,古川　怜,"Mエリア(1クラス),Mエリア(2クラス)",filled,
MTH302i,複素関数論,前学期,水,3,遠藤　晋平,"Mエリア(3クラス),Mエリア(4クラス)",filled,
MTH302j,複素関数論,前学期,水,3,古川　怜,"Mエリア(1クラス),Mエリア(2クラス)",filled,
MTH302j,複素関数論,前学期,水,3,遠藤　晋平,"Mエリア(3クラス),Mエリア(4クラス)",filled,
MTH302k,複素関数論,前学期,水,3,古川　怜,"Mエリア(1クラス),Mエリア(2クラス)",filled,
MTH302k,複素関数論,前学期,水,3,遠藤　晋平,"Mエリア(3クラス),Mエリア(4クラス)",filled,
MTH302m,複素関数論,前学期,水,3,古川　怜,"Mエリア(1クラス),Mエリア(2クラス)",filled,
MTH302m,複素関数論,前学期,水,3,遠藤　晋平,"Mエリア(3クラス),Mエリア(4クラス)",filled,
MTH302n,複素関数論,前学期,水,3,古川　怜,"Mエリア(1クラス),Mエリア(2クラス)",filled,
MTH302n,複素関数論,前学期,水,3,遠藤　晋平,"Mエリア(3クラス),Mエリア(4クラス)",filled,
MTH302p,複素関数論,前学期,水,3,古川　怜,"Mエリア(1クラス),Mエリア(2クラス)",filled,
MTH302p,複素関数論,前学期,水,3,遠藤　晋平,"Mエリア(3クラス),Mエリア(4クラス)",filled,
MTH302r,複素関数論,前学期,水,3,古川　怜,"Mエリア(1クラス),Mエリア(2クラス)",filled,
MTH302r,複素関数論,前学期,水,3,遠藤　晋平,"Mエリア(3クラス),Mエリア(4クラス)",filled,
MTH303a,確率論,前学期,月,3,金　路,Aクラス,filled,
MTH303a,確率論,前学期,月,3,天野　友之,Cクラス,filled,
MTH303a,確率論,前学期,金,3,加藤　省吾,Bクラス,filled,
MTH303b,確率論,前学期,月,3,金　路,Aクラス,filled,
MTH303b,確率論,前学期,月,3,天野　友之,Cクラス,filled,
MTH303b,確率論,前学期,金,3,加藤　省吾,Bクラス,filled,
MTH303c,確率論,前学期,月,3,金　路,Aクラス,filled,
MTH303c,確率論,前学期,月,3,天野　友之,Cクラス,filled,
MTH303c,確率論,前学期,金,3,加藤　省吾,Bクラス,filled,
MTH303d,確率論,前学期,月,3,金　路,Aクラス,filled,
MTH303d,確率論,前学期,月,3,天野　友之,Cクラス,filled,
MTH303d,確率論,前学期,金,3,加藤　省吾,Bクラス,filled,
MTH303e,確率論,前学期,月,3,金　路,Aクラス,filled,
MTH303e,確率論,前学期,月,3,天野　友之,Cクラス,filled,
MTH303e,確率論,前学期,金,3,加藤　省吾,Bクラス,filled,
MTH303f,離散数学,前学期,火,1,山口　和彦,二類学籍番号奇数,filled,指示による
MTH303f,離散数学,前学期,金,1,岩本　貢,二類学籍番号偶数,filled,指示による
MTH303g,離散数学,前学期,火,1,山口　和彦,二類学籍番号奇数,filled,指示による
MTH303g,離散数学,前学期,金,1,岩本　貢,二類学籍番号偶数,filled,指示による
MTH303h,離散数学,前学期,火,1,山口　和彦,二類学籍番号奇数,filled,指示による
MTH303h,離散数学,前学期,金,1,岩本　貢,二類学籍番号偶数,filled,指示による
MTH304a,複素関数論,前学期,水,3,古川　怜,"Mエリア(1クラス),Mエリア(2クラス)",filled,
MTH304a,複素関数論,前学期,水,3,遠藤　晋平,"Mエリア(3クラス),Mエリア(4クラス)",filled,
MTH304b,複素関数論,前学期,火,4,南　泰浩,"Aクラス,Bクラス",filled,指示による
MTH304b,複素関数論,前学期,水,4,龍野　智哉,"Bクラス,Cクラス",filled,
MTH304c,複素関数論,前学期,水,3,古川　怜,"Mエリア(1クラス),Mエリア(2クラス)",filled,
MTH304c,複素関数論,前学期,水,3,遠藤　晋平,"Mエリア(3クラス),Mエリア(4クラス)",filled,
MTH304d,複素関数論,前学期,水,3,古川　怜,"Mエリア(1クラス),Mエリア(2クラス)",filled,
MTH304d,複素関数論,前学期,水,3,遠藤　晋平,"Mエリア(3クラス),Mエリア(4クラス)",filled,
MTH304e,複素関数論,前学期,水,3,古川　怜,"Mエリア(1クラス),Mエリア(2クラス)",filled,
MTH304e,複素関数論,前学期,水,3,遠藤　晋平,"Mエリア(3クラス),Mエリア(4クラス)",filled,
MTH304f,複素関数論,前学期,水,3,古川　怜,"Mエリア(1クラス),Mエリア(2クラス)",filled,
MTH304f,複素関数論,前学期,水,3,遠藤　晋平,"Mエリア(3クラス),Mエリア(4クラス)",filled,
MTH304g,複素関数論,前学期,水,3,古川　怜,"Mエリア(1クラス),Mエリア(2クラス)",filled,
MTH304g,複素関数論,前学期,水,3,遠藤　晋平,"Mエリア(3クラス),Mエリア(4クラス)",filled,
MTH304h,複素関数論,前学期,水,3,古川　怜,"Mエリア(1クラス),Mエリア(2クラス)",filled,
MTH304h,複素関数論,前学期,水,3,遠藤　晋平,"Mエリア(3クラス),Mエリア(4クラス)",filled,
MTH304i,離散数学,前学期,火,1,山口　和彦,二類学籍番号奇数,filled,指示による
MTH304i,離散数学,前学期,金,1,岩本　貢,二類学籍番号偶数,filled,指示による
MTH304j,離散数学,前学期,火,1,山口　和彦,二類学籍番号奇数,filled,指示による
MTH304j,離散数学,前学期,金,1,岩本　貢,二類学籍番号偶数,filled,指示による
MTH401a,統計学,後学期,月,3,加藤　省吾,"情報数理工学プログラム,コンピュータサイエンスプログラム",filled,
MTH401a,統計学,後学期,金,1,原　聡,"メディア情報学プログラム,経営・社会情報学プログラム,デザイン思考・データサイエンスプログラム",filled,
MTH401b,統計学,後学期,月,3,加藤　省吾,"情報数理工学プログラム,コンピュータサイエンスプログラム",filled,
MTH401b,統計学,後学期,金,1,原　聡,"メディア情報学プログラム,経営・社会情報学プログラム,デザイン思考・データサイエンスプログラム",filled,
MTH401c,統計学,後学期,月,3,加藤　省吾,"情報数理工学プログラム,コンピュータサイエンスプログラム",filled,
MTH401c,統計学,後学期,金,1,原　聡,"メディア情報学プログラム,経営・社会情報学プログラム,デザイン思考・データサイエンスプログラム",filled,
MTH401d,統計学,後学期,月,3,加藤　省吾,"情報数理工学プログラム,コンピュータサイエンスプログラム",filled,
MTH401d,統計学,後学期,金,1,原　聡,"メディア情報学プログラム,経営・社会情報学プログラム,デザイン思考・データサイエンスプログラム",filled,
MTH401e,統計学,後学期,月,3,加藤　省吾,"情報数理工学プログラム,コンピュータサイエンスプログラム",filled,
MTH401e,統計学,後学期,金,1,原　聡,"メディア情報学プログラム,経営・社会情報学プログラム,デザイン思考・データサイエンスプログラム",filled,
MTH402a,応用数学第一,後学期,木,3,梶本　裕之,"メディア情報学プログラム,経営・社会情報学プログラム,デザイン思考・データサイエンスプログラム",filled,
MTH402a,応用数学第一,後学期,金,1,西山　悠,"情報数理工学プログラム,コンピュータサイエンスプログラム",filled,
MTH402b,応用数学第一,後学期,木,3,梶本　裕之,"メディア情報学プログラム,経営・社会情報学プログラム,デザイン思考・データサイエンスプログラム",filled,
MTH402b,応用数学第一,後学期,金,1,西山　悠,"情報数理工学プログラム,コンピュータサイエンスプログラム",filled,
MTH402c,応用数学第一,後学期,木,3,梶本　裕之,"メディア情報学プログラム,経営・社会情報学プログラム,デザイン思考・データサイエンスプログラム",filled,
MTH402c,応用数学第一,後学期,金,1,西山　悠,"情報数理工学プログラム,コンピュータサイエンスプログラム",filled,
MTH402d,応用数学第一,後学期,木,3,梶本　裕之,"メディア情報学プログラム,経営・社会情報学プログラム,デザイン思考・データサイエンスプログラム",filled,
MTH402d,応用数学第一,後学期,金,1,西山　悠,"情報数理工学プログラム,コンピュータサイエンスプログラム",filled,
MTH402e,応用数学第一,後学期,木,3,梶本　裕之,"メディア情報学プログラム,経営・社会情報学プログラム,デザイン思考・データサイエンスプログラム",filled,
MTH402e,応用数学第一,後学期,金,1,西山　悠,"情報数理工学プログラム,コンピュータサイエンスプログラム",filled,
MTH402f,数理統計,後学期,火,4,鷲沢　嘉一,"計測・制御システムプログラム,先端ロボティクスプログラム",filled,
MTH402f,数理統計,後学期,木,5,鈴木　淳,"セキュリティ情報学プログラム,情報通信工学プログラム,電子情報学プログラム",filled,
MTH402g,数理統計,後学期,火,4,鷲沢　嘉一,"計測・制御システムプログラム,先端ロボティクスプログラム",filled,
MTH402g,数理統計,後学期,木,5,鈴木　淳,"セキュリティ情報学プログラム,情報通信工学プログラム,電子情報学プログラム",filled,
MTH402h,数理統計,後学期,火,4,鷲沢　嘉一,"計測・制御システムプログラム,先端ロボティクスプログラム",filled,
MTH402h,数理統計,後学期,木,5,鈴木　淳,"セキュリティ情報学プログラム,情報通信工学プログラム,電子情報学プログラム",filled,
MTH403c,数値計算,後学期,火,3,小山　大介,情報数理工学プログラム,filled,
MTH403c,数値計算,後学期,金,2,山﨑　匡,コンピュータサイエンスプログラム,filled,
MTH403d,数値計算,後学期,火,3,小山　大介,情報数理工学プログラム,filled,
MTH403d,数値計算,後学期,金,2,山﨑　匡,コンピュータサイエンスプログラム,filled,
MTH403i,数理統計,後学期,火,4,鷲沢　嘉一,"計測・制御システムプログラム,先端ロボティクスプログラム",filled,
MTH403i,数理統計,後学期,木,5,鈴木　淳,"セキュリティ情報学プログラム,情報通信工学プログラム,電子情報学プログラム",filled,
MTH403j,数理統計,後学期,火,4,鷲沢　嘉一,"計測・制御システムプログラム,先端ロボティクスプログラム",filled,
MTH403j,数理統計,後学期,木,5,鈴木　淳,"セキュリティ情報学プログラム,情報通信工学プログラム,電子情報学プログラム",filled,
PHO501n,光工学実験第一,前学期,水,2,宮本・白川（晃）・浅原・庄司・戸倉川・岡田（全担当者はその他欄に記載）,光工学プログラム,filled,科目名がそのままプログラム名に対応する科目のため(指示により確認済み)、当該プログラムに一意に割り当てた
PHO501n,光工学実験第一,前学期,水,3,宮本・白川（晃）・浅原・庄司・戸倉川・岡田（全担当者はその他欄に記載）,光工学プログラム,filled,科目名がそのままプログラム名に対応する科目のため(指示により確認済み)、当該プログラムに一意に割り当てた
PHO501n,光工学実験第一,前学期,水,4,宮本・白川（晃）・浅原・庄司・戸倉川・岡田（全担当者はその他欄に記載）,光工学プログラム,filled,科目名がそのままプログラム名に対応する科目のため(指示により確認済み)、当該プログラムに一意に割り当てた
PHO501n,光工学実験第一,前学期,木,2,宮本・白川（晃）・浅原・庄司・戸倉川・岡田（全担当者はその他欄に記載）,光工学プログラム,filled,科目名がそのままプログラム名に対応する科目のため(指示により確認済み)、当該プログラムに一意に割り当てた
PHO501n,光工学実験第一,前学期,木,3,宮本・白川（晃）・浅原・庄司・戸倉川・岡田（全担当者はその他欄に記載）,光工学プログラム,filled,科目名がそのままプログラム名に対応する科目のため(指示により確認済み)、当該プログラムに一意に割り当てた
PHO501n,光工学実験第一,前学期,木,4,宮本・白川（晃）・浅原・庄司・戸倉川・岡田（全担当者はその他欄に記載）,光工学プログラム,filled,科目名がそのままプログラム名に対応する科目のため(指示により確認済み)、当該プログラムに一意に割り当てた
PHO601m,量子エレクトロニクス,後学期,木,3,張　贇,光工学プログラム,filled,
PHO601m,量子エレクトロニクス,後学期,金,3,清水　亮介,"電子工学プログラム,物理工学プログラム",filled,
PHO601p,量子エレクトロニクス,後学期,木,3,張　贇,光工学プログラム,filled,
PHO601p,量子エレクトロニクス,後学期,金,3,清水　亮介,"電子工学プログラム,物理工学プログラム",filled,
PHO602n,量子エレクトロニクス,後学期,木,3,張　贇,光工学プログラム,filled,
PHO602n,量子エレクトロニクス,後学期,金,3,清水　亮介,"電子工学プログラム,物理工学プログラム",filled,
PHY102z,物理学概論第一,前学期,火,1,野村　英之,クラス8,filled,
PHY102z,物理学概論第一,前学期,火,2,松浦　基晴,クラス3,filled,
PHY102z,物理学概論第一,前学期,火,2,丹治　はるか,クラス10,filled,
PHY102z,物理学概論第一,前学期,火,2,小池　卓二,クラス11,filled,
PHY102z,物理学概論第一,前学期,火,2,田中　一男,クラス12,filled,
PHY102z,物理学概論第一,前学期,火,3,横井　浩史,クラス4,filled,
PHY102z,物理学概論第一,前学期,火,3,臼井　秀知,クラス6,filled,
PHY102z,物理学概論第一,前学期,火,3,細川　敬祐,クラス9,filled,
PHY102z,物理学概論第一,前学期,火,4,清水　亮介,クラス1,filled,
PHY102z,物理学概論第一,前学期,火,4,守　裕也,クラス2,filled,
PHY102z,物理学概論第一,前学期,火,4,田中　久陽,クラス5,filled,
PHY102z,物理学概論第一,前学期,火,4,古川　裕介,クラス7,filled,
PHY103z,物理学演習第一,前学期,水,3,佐々木（成）・中村（仁）・臼井・○鈴木(勝),"クラス4,クラス5,クラス6,クラス7,クラス8,クラス10",filled,指示による(数学演習第一とはクラスが被っていない)
PHY103z,物理学演習第一,前学期,水,4,佐々木（成）・中村（仁）・臼井・○鈴木(勝),"クラス1,クラス2,クラス3,クラス9,クラス11,クラス12",filled,指示による(数学演習第一とはクラスが被っていない)
PHY202z,物理学概論第二,後学期,火,2,岸本　哲夫,クラス3,filled,
PHY202z,物理学概論第二,後学期,火,2,大川　富雄,クラス6,filled,
PHY202z,物理学概論第二,後学期,火,2,豊田　新悟,クラス10,filled,指示による(時間割を見て確認したところクラス10の担当と判明)
PHY202z,物理学概論第二,後学期,火,2,石橋　功至,クラス11,filled,
PHY202z,物理学概論第二,後学期,火,2,美濃島　薫,クラス12,filled,
PHY202z,物理学概論第二,後学期,火,3,村松　大陸,クラス2,filled,
PHY202z,物理学概論第二,後学期,火,3,尚　方,クラス4,filled,
PHY202z,物理学概論第二,後学期,火,3,芳原　容英,クラス9,filled,
PHY202z,物理学概論第二,後学期,火,4,來住　直人,クラス1,filled,指示による
PHY202z,物理学概論第二,後学期,火,4,小久保　伸人,クラス5,filled,
PHY202z,物理学概論第二,後学期,火,4,加藤　峰士,クラス7,filled,
PHY202z,物理学概論第二,後学期,火,4,野村　英之,クラス8,filled,
PHY203z,物理学演習第二,後学期,水,3,佐々木（成）・中村（仁）・臼井・○鈴木(勝),"クラス1,クラス2,クラス6,クラス7,クラス9,クラス10",filled,指示による
PHY203z,物理学演習第二,後学期,水,4,佐々木（成）・中村（仁）・臼井・○鈴木(勝),"クラス3,クラス4,クラス5,クラス8,クラス11,クラス12",filled,指示による
PHY204f,力学,後学期,月,1,津田　卓雄,クラス6,filled,
PHY204f,力学,後学期,月,1,杉　正夫,クラス5,filled,
PHY204f,力学,後学期,水,1,津田　卓雄,クラス8,filled,
PHY204f,力学,後学期,水,1,明・佐藤（隆）,クラス7,filled,
PHY204g,力学,後学期,月,1,津田　卓雄,クラス6,filled,
PHY204g,力学,後学期,月,1,杉　正夫,クラス5,filled,
PHY204g,力学,後学期,水,1,津田　卓雄,クラス8,filled,
PHY204g,力学,後学期,水,1,明・佐藤（隆）,クラス7,filled,
PHY204h,力学,後学期,月,1,津田　卓雄,クラス6,filled,
PHY204h,力学,後学期,月,1,杉　正夫,クラス5,filled,
PHY204h,力学,後学期,水,1,津田　卓雄,クラス8,filled,
PHY204h,力学,後学期,水,1,明・佐藤（隆）,クラス7,filled,
PHY204i,力学,後学期,月,1,津田　卓雄,クラス6,filled,
PHY204i,力学,後学期,月,1,杉　正夫,クラス5,filled,
PHY204i,力学,後学期,水,1,津田　卓雄,クラス8,filled,
PHY204i,力学,後学期,水,1,明・佐藤（隆）,クラス7,filled,
PHY204j,力学,後学期,月,1,津田　卓雄,クラス6,filled,
PHY204j,力学,後学期,月,1,杉　正夫,クラス5,filled,
PHY204j,力学,後学期,水,1,津田　卓雄,クラス8,filled,
PHY204j,力学,後学期,水,1,明・佐藤（隆）,クラス7,filled,
PHY204k,力学,後学期,月,1,島田　宏,クラス9,filled,
PHY204k,力学,後学期,月,1,酒井　剛,クラス10,filled,
PHY204k,力学,後学期,月,1,中川　賢一,クラス11,filled,
PHY204k,力学,後学期,月,1,千葉　一永,クラス12,filled,
PHY204m,力学,後学期,月,1,島田　宏,クラス9,filled,
PHY204m,力学,後学期,月,1,酒井　剛,クラス10,filled,
PHY204m,力学,後学期,月,1,中川　賢一,クラス11,filled,
PHY204m,力学,後学期,月,1,千葉　一永,クラス12,filled,
PHY204n,力学,後学期,月,1,島田　宏,クラス9,filled,
PHY204n,力学,後学期,月,1,酒井　剛,クラス10,filled,
PHY204n,力学,後学期,月,1,中川　賢一,クラス11,filled,
PHY204n,力学,後学期,月,1,千葉　一永,クラス12,filled,
PHY204p,力学,後学期,月,1,島田　宏,クラス9,filled,
PHY204p,力学,後学期,月,1,酒井　剛,クラス10,filled,
PHY204p,力学,後学期,月,1,中川　賢一,クラス11,filled,
PHY204p,力学,後学期,月,1,千葉　一永,クラス12,filled,
PHY204r,力学,後学期,月,1,島田　宏,クラス9,filled,
PHY204r,力学,後学期,月,1,酒井　剛,クラス10,filled,
PHY204r,力学,後学期,月,1,中川　賢一,クラス11,filled,
PHY204r,力学,後学期,月,1,千葉　一永,クラス12,filled,
PHY205k,力学演習,後学期,水,1,島田　宏,クラス9,filled,
PHY205k,力学演習,後学期,水,1,酒井　剛,クラス10,filled,
PHY205k,力学演習,後学期,水,1,中川　賢一,クラス11,filled,
PHY205k,力学演習,後学期,水,1,守　裕也,クラス12,filled,
PHY205m,力学演習,後学期,水,1,島田　宏,クラス9,filled,
PHY205m,力学演習,後学期,水,1,酒井　剛,クラス10,filled,
PHY205m,力学演習,後学期,水,1,中川　賢一,クラス11,filled,
PHY205m,力学演習,後学期,水,1,守　裕也,クラス12,filled,
PHY205n,力学演習,後学期,水,1,島田　宏,クラス9,filled,
PHY205n,力学演習,後学期,水,1,酒井　剛,クラス10,filled,
PHY205n,力学演習,後学期,水,1,中川　賢一,クラス11,filled,
PHY205n,力学演習,後学期,水,1,守　裕也,クラス12,filled,
PHY205p,力学演習,後学期,水,1,島田　宏,クラス9,filled,
PHY205p,力学演習,後学期,水,1,酒井　剛,クラス10,filled,
PHY205p,力学演習,後学期,水,1,中川　賢一,クラス11,filled,
PHY205p,力学演習,後学期,水,1,守　裕也,クラス12,filled,
PHY205r,力学演習,後学期,水,1,島田　宏,クラス9,filled,
PHY205r,力学演習,後学期,水,1,酒井　剛,クラス10,filled,
PHY205r,力学演習,後学期,水,1,中川　賢一,クラス11,filled,
PHY205r,力学演習,後学期,水,1,守　裕也,クラス12,filled,
PHY301f,基礎電磁気学,前学期,月,2,芳原　容英,"I5クラス,I6クラス",filled,
PHY301f,基礎電磁気学,前学期,月,3,村松　大陸,Mエリア,filled,
PHY301f,基礎電磁気学,前学期,火,4,細川　敬祐,"I1クラス,I2クラス",filled,指示による
PHY301f,基礎電磁気学,前学期,金,2,肖　鳳超,"I3クラス,I4クラス",filled,
PHY301g,基礎電磁気学,前学期,月,2,芳原　容英,"I5クラス,I6クラス",filled,
PHY301g,基礎電磁気学,前学期,月,3,村松　大陸,Mエリア,filled,
PHY301g,基礎電磁気学,前学期,火,4,細川　敬祐,"I1クラス,I2クラス",filled,指示による
PHY301g,基礎電磁気学,前学期,金,2,肖　鳳超,"I3クラス,I4クラス",filled,
PHY301h,基礎電磁気学,前学期,月,2,芳原　容英,"I5クラス,I6クラス",filled,
PHY301h,基礎電磁気学,前学期,月,3,村松　大陸,Mエリア,filled,
PHY301h,基礎電磁気学,前学期,火,4,細川　敬祐,"I1クラス,I2クラス",filled,指示による
PHY301h,基礎電磁気学,前学期,金,2,肖　鳳超,"I3クラス,I4クラス",filled,
PHY301i,基礎電磁気学,前学期,月,2,芳原　容英,"I5クラス,I6クラス",filled,
PHY301i,基礎電磁気学,前学期,月,3,村松　大陸,Mエリア,filled,
PHY301i,基礎電磁気学,前学期,火,4,細川　敬祐,"I1クラス,I2クラス",filled,指示による
PHY301i,基礎電磁気学,前学期,金,2,肖　鳳超,"I3クラス,I4クラス",filled,
PHY301j,基礎電磁気学,前学期,月,2,芳原　容英,"I5クラス,I6クラス",filled,
PHY301j,基礎電磁気学,前学期,月,3,村松　大陸,Mエリア,filled,
PHY301j,基礎電磁気学,前学期,火,4,細川　敬祐,"I1クラス,I2クラス",filled,指示による
PHY301j,基礎電磁気学,前学期,金,2,肖　鳳超,"I3クラス,I4クラス",filled,
PHY301k,熱力学,前学期,月,3,尾関　之康,Mエリア(3クラス),filled,
PHY301k,熱力学,前学期,月,3,松林　和幸,Mエリア(4クラス),filled,
PHY301k,熱力学,前学期,火,2,坂野　昌人,Mエリア(1クラス),filled,
PHY301k,熱力学,前学期,火,2,大川　富雄,Mエリア(2クラス),filled,
PHY301m,熱力学,前学期,月,3,尾関　之康,Mエリア(3クラス),filled,
PHY301m,熱力学,前学期,月,3,松林　和幸,Mエリア(4クラス),filled,
PHY301m,熱力学,前学期,火,2,坂野　昌人,Mエリア(1クラス),filled,
PHY301m,熱力学,前学期,火,2,大川　富雄,Mエリア(2クラス),filled,
PHY301n,熱力学,前学期,月,3,尾関　之康,Mエリア(3クラス),filled,
PHY301n,熱力学,前学期,月,3,松林　和幸,Mエリア(4クラス),filled,
PHY301n,熱力学,前学期,火,2,坂野　昌人,Mエリア(1クラス),filled,
PHY301n,熱力学,前学期,火,2,大川　富雄,Mエリア(2クラス),filled,
PHY301p,熱力学,前学期,月,3,尾関　之康,Mエリア(3クラス),filled,
PHY301p,熱力学,前学期,月,3,松林　和幸,Mエリア(4クラス),filled,
PHY301p,熱力学,前学期,火,2,坂野　昌人,Mエリア(1クラス),filled,
PHY301p,熱力学,前学期,火,2,大川　富雄,Mエリア(2クラス),filled,
PHY301r,熱力学,前学期,月,3,尾関　之康,Mエリア(3クラス),filled,
PHY301r,熱力学,前学期,月,3,松林　和幸,Mエリア(4クラス),filled,
PHY301r,熱力学,前学期,火,2,坂野　昌人,Mエリア(1クラス),filled,
PHY301r,熱力学,前学期,火,2,大川　富雄,Mエリア(2クラス),filled,
PHY302f,波動と光,前学期,火,1,木寺　正平,二類学籍番号偶数,filled,画像内表記(学籍番号奇数/偶数の記載)から判明(このセッションでの調査に基づく判定)
PHY302f,波動と光,前学期,金,1,松浦　基晴,二類学籍番号奇数,filled,画像内表記(学籍番号奇数/偶数の記載)から判明(このセッションでの調査に基づく判定)
PHY302g,波動と光,前学期,火,1,木寺　正平,二類学籍番号偶数,filled,画像内表記(学籍番号奇数/偶数の記載)から判明(このセッションでの調査に基づく判定)
PHY302g,波動と光,前学期,金,1,松浦　基晴,二類学籍番号奇数,filled,画像内表記(学籍番号奇数/偶数の記載)から判明(このセッションでの調査に基づく判定)
PHY302h,波動と光,前学期,火,1,木寺　正平,二類学籍番号偶数,filled,画像内表記(学籍番号奇数/偶数の記載)から判明(このセッションでの調査に基づく判定)
PHY302h,波動と光,前学期,金,1,松浦　基晴,二類学籍番号奇数,filled,画像内表記(学籍番号奇数/偶数の記載)から判明(このセッションでの調査に基づく判定)
PHY302k,基礎電磁気学および演習,前学期,月,1,坂野　昌人,Mエリア(1クラス),filled_propagated,月2限と連続する合併コマ(同一科目・同一曜日・同一教員が複数時限にまたがる講義)と判断し、時間割画像で教員名まで確認済みの2限側のクラス割当をそのまま採用
PHY302k,基礎電磁気学および演習,前学期,月,2,坂野　昌人,Mエリア(1クラス),filled,
PHY302k,基礎電磁気学および演習,前学期,月,1,武者　満,Mエリア(3クラス),filled_propagated,月2限と連続する合併コマ(同一科目・同一曜日・同一教員が複数時限にまたがる講義)と判断し、時間割画像で教員名まで確認済みの2限側のクラス割当をそのまま採用
PHY302k,基礎電磁気学および演習,前学期,月,2,武者　満,Mエリア(3クラス),filled,
PHY302k,基礎電磁気学および演習,前学期,月,1,白川　晃,Mエリア(2クラス),filled_propagated,月2限と連続する合併コマ(同一科目・同一曜日・同一教員が複数時限にまたがる講義)と判断し、時間割画像で教員名まで確認済みの2限側のクラス割当をそのまま採用
PHY302k,基礎電磁気学および演習,前学期,月,2,白川　晃,Mエリア(2クラス),filled,
PHY302k,基礎電磁気学および演習,前学期,月,1,岸本　哲夫,Mエリア(4クラス),filled_propagated,月2限と連続する合併コマ(同一科目・同一曜日・同一教員が複数時限にまたがる講義)と判断し、時間割画像で教員名まで確認済みの2限側のクラス割当をそのまま採用
PHY302k,基礎電磁気学および演習,前学期,月,2,岸本　哲夫,Mエリア(4クラス),filled,
PHY302m,基礎電磁気学および演習,前学期,月,1,坂野　昌人,Mエリア(1クラス),filled_propagated,月2限と連続する合併コマ(同一科目・同一曜日・同一教員が複数時限にまたがる講義)と判断し、時間割画像で教員名まで確認済みの2限側のクラス割当をそのまま採用
PHY302m,基礎電磁気学および演習,前学期,月,2,坂野　昌人,Mエリア(1クラス),filled,
PHY302m,基礎電磁気学および演習,前学期,月,1,武者　満,Mエリア(3クラス),filled_propagated,月2限と連続する合併コマ(同一科目・同一曜日・同一教員が複数時限にまたがる講義)と判断し、時間割画像で教員名まで確認済みの2限側のクラス割当をそのまま採用
PHY302m,基礎電磁気学および演習,前学期,月,2,武者　満,Mエリア(3クラス),filled,
PHY302m,基礎電磁気学および演習,前学期,月,1,白川　晃,Mエリア(2クラス),filled_propagated,月2限と連続する合併コマ(同一科目・同一曜日・同一教員が複数時限にまたがる講義)と判断し、時間割画像で教員名まで確認済みの2限側のクラス割当をそのまま採用
PHY302m,基礎電磁気学および演習,前学期,月,2,白川　晃,Mエリア(2クラス),filled,
PHY302m,基礎電磁気学および演習,前学期,月,1,岸本　哲夫,Mエリア(4クラス),filled_propagated,月2限と連続する合併コマ(同一科目・同一曜日・同一教員が複数時限にまたがる講義)と判断し、時間割画像で教員名まで確認済みの2限側のクラス割当をそのまま採用
PHY302m,基礎電磁気学および演習,前学期,月,2,岸本　哲夫,Mエリア(4クラス),filled,
PHY302n,基礎電磁気学および演習,前学期,月,1,坂野　昌人,Mエリア(1クラス),filled_propagated,月2限と連続する合併コマ(同一科目・同一曜日・同一教員が複数時限にまたがる講義)と判断し、時間割画像で教員名まで確認済みの2限側のクラス割当をそのまま採用
PHY302n,基礎電磁気学および演習,前学期,月,2,坂野　昌人,Mエリア(1クラス),filled,
PHY302n,基礎電磁気学および演習,前学期,月,1,武者　満,Mエリア(3クラス),filled_propagated,月2限と連続する合併コマ(同一科目・同一曜日・同一教員が複数時限にまたがる講義)と判断し、時間割画像で教員名まで確認済みの2限側のクラス割当をそのまま採用
PHY302n,基礎電磁気学および演習,前学期,月,2,武者　満,Mエリア(3クラス),filled,
PHY302n,基礎電磁気学および演習,前学期,月,1,白川　晃,Mエリア(2クラス),filled_propagated,月2限と連続する合併コマ(同一科目・同一曜日・同一教員が複数時限にまたがる講義)と判断し、時間割画像で教員名まで確認済みの2限側のクラス割当をそのまま採用
PHY302n,基礎電磁気学および演習,前学期,月,2,白川　晃,Mエリア(2クラス),filled,
PHY302n,基礎電磁気学および演習,前学期,月,1,岸本　哲夫,Mエリア(4クラス),filled_propagated,月2限と連続する合併コマ(同一科目・同一曜日・同一教員が複数時限にまたがる講義)と判断し、時間割画像で教員名まで確認済みの2限側のクラス割当をそのまま採用
PHY302n,基礎電磁気学および演習,前学期,月,2,岸本　哲夫,Mエリア(4クラス),filled,
PHY302p,基礎電磁気学および演習,前学期,月,1,坂野　昌人,Mエリア(1クラス),filled_propagated,月2限と連続する合併コマ(同一科目・同一曜日・同一教員が複数時限にまたがる講義)と判断し、時間割画像で教員名まで確認済みの2限側のクラス割当をそのまま採用
PHY302p,基礎電磁気学および演習,前学期,月,2,坂野　昌人,Mエリア(1クラス),filled,
PHY302p,基礎電磁気学および演習,前学期,月,1,武者　満,Mエリア(3クラス),filled_propagated,月2限と連続する合併コマ(同一科目・同一曜日・同一教員が複数時限にまたがる講義)と判断し、時間割画像で教員名まで確認済みの2限側のクラス割当をそのまま採用
PHY302p,基礎電磁気学および演習,前学期,月,2,武者　満,Mエリア(3クラス),filled,
PHY302p,基礎電磁気学および演習,前学期,月,1,白川　晃,Mエリア(2クラス),filled_propagated,月2限と連続する合併コマ(同一科目・同一曜日・同一教員が複数時限にまたがる講義)と判断し、時間割画像で教員名まで確認済みの2限側のクラス割当をそのまま採用
PHY302p,基礎電磁気学および演習,前学期,月,2,白川　晃,Mエリア(2クラス),filled,
PHY302p,基礎電磁気学および演習,前学期,月,1,岸本　哲夫,Mエリア(4クラス),filled_propagated,月2限と連続する合併コマ(同一科目・同一曜日・同一教員が複数時限にまたがる講義)と判断し、時間割画像で教員名まで確認済みの2限側のクラス割当をそのまま採用
PHY302p,基礎電磁気学および演習,前学期,月,2,岸本　哲夫,Mエリア(4クラス),filled,
PHY302r,基礎電磁気学および演習,前学期,月,1,坂野　昌人,Mエリア(1クラス),filled_propagated,月2限と連続する合併コマ(同一科目・同一曜日・同一教員が複数時限にまたがる講義)と判断し、時間割画像で教員名まで確認済みの2限側のクラス割当をそのまま採用
PHY302r,基礎電磁気学および演習,前学期,月,2,坂野　昌人,Mエリア(1クラス),filled,
PHY302r,基礎電磁気学および演習,前学期,月,1,武者　満,Mエリア(3クラス),filled_propagated,月2限と連続する合併コマ(同一科目・同一曜日・同一教員が複数時限にまたがる講義)と判断し、時間割画像で教員名まで確認済みの2限側のクラス割当をそのまま採用
PHY302r,基礎電磁気学および演習,前学期,月,2,武者　満,Mエリア(3クラス),filled,
PHY302r,基礎電磁気学および演習,前学期,月,1,白川　晃,Mエリア(2クラス),filled_propagated,月2限と連続する合併コマ(同一科目・同一曜日・同一教員が複数時限にまたがる講義)と判断し、時間割画像で教員名まで確認済みの2限側のクラス割当をそのまま採用
PHY302r,基礎電磁気学および演習,前学期,月,2,白川　晃,Mエリア(2クラス),filled,
PHY302r,基礎電磁気学および演習,前学期,月,1,岸本　哲夫,Mエリア(4クラス),filled_propagated,月2限と連続する合併コマ(同一科目・同一曜日・同一教員が複数時限にまたがる講義)と判断し、時間割画像で教員名まで確認済みの2限側のクラス割当をそのまま採用
PHY302r,基礎電磁気学および演習,前学期,月,2,岸本　哲夫,Mエリア(4クラス),filled,
PHY303i,波動と光,前学期,火,1,木寺　正平,二類学籍番号偶数,filled,画像内表記(学籍番号奇数/偶数の記載)から判明(このセッションでの調査に基づく判定)
PHY303i,波動と光,前学期,金,1,松浦　基晴,二類学籍番号奇数,filled,画像内表記(学籍番号奇数/偶数の記載)から判明(このセッションでの調査に基づく判定)
PHY303j,波動と光,前学期,火,1,木寺　正平,二類学籍番号偶数,filled,画像内表記(学籍番号奇数/偶数の記載)から判明(このセッションでの調査に基づく判定)
PHY303j,波動と光,前学期,金,1,松浦　基晴,二類学籍番号奇数,filled,画像内表記(学籍番号奇数/偶数の記載)から判明(このセッションでの調査に基づく判定)
PHY401g,電磁気学第一,後学期,月,2,安藤　芳晃,電子情報学プログラム,filled,
PHY401g,電磁気学第一,後学期,木,4,肖　鳳超,情報通信工学プログラム,filled,
PHY401h,電磁気学第一,後学期,月,2,安藤　芳晃,電子情報学プログラム,filled,
PHY401h,電磁気学第一,後学期,木,4,肖　鳳超,情報通信工学プログラム,filled,
PHY401k,電磁気学および演習,後学期,火,1,斎藤　弘樹,機械システムプログラム,filled_propagated,火2限と連続する合併コマ(同一科目・同一曜日・同一教員が複数時限にまたがる講義)と判断し、時間割画像で教員名まで確認済みの2限側のクラス割当をそのまま採用
PHY401k,電磁気学および演習,後学期,火,2,斎藤　弘樹,機械システムプログラム,filled,
PHY401k,電磁気学および演習,後学期,水,3,桂川　眞幸,光工学プログラム,filled,指示による
PHY401k,電磁気学および演習,後学期,水,4,桂川　眞幸,光工学プログラム,filled,指示による(水3と同一の合併コマと判断)
PHY401k,電磁気学および演習,後学期,水,3,森永　実,電子工学プログラム,filled,PDF表記「電磁気学および演習（クラスB）」＝電子工学プログラムと判明したため訂正(元データの2プログラム表記は境界誤検出によるものと判断)
PHY401k,電磁気学および演習,後学期,水,4,森永　実,電子工学プログラム,filled,PDF表記「電磁気学および演習（クラスB）」＝電子工学プログラムと判明したため訂正(水3と同一の合併コマと判断)
PHY401k,電磁気学および演習,後学期,金,2,宮本　洋子,物理工学プログラム,filled,指示による
PHY401k,電磁気学および演習,後学期,金,3,宮本　洋子,物理工学プログラム,filled,指示による(金2と同一の合併コマと判断)
PHY401m,電磁気学および演習,後学期,火,1,斎藤　弘樹,機械システムプログラム,filled_propagated,火2限と連続する合併コマ(同一科目・同一曜日・同一教員が複数時限にまたがる講義)と判断し、時間割画像で教員名まで確認済みの2限側のクラス割当をそのまま採用
PHY401m,電磁気学および演習,後学期,火,2,斎藤　弘樹,機械システムプログラム,filled,
PHY401m,電磁気学および演習,後学期,水,3,桂川　眞幸,光工学プログラム,filled,指示による
PHY401m,電磁気学および演習,後学期,水,4,桂川　眞幸,光工学プログラム,filled,指示による(水3と同一の合併コマと判断)
PHY401m,電磁気学および演習,後学期,水,3,森永　実,電子工学プログラム,filled,PDF表記「電磁気学および演習（クラスB）」＝電子工学プログラムと判明したため訂正(元データの2プログラム表記は境界誤検出によるものと判断)
PHY401m,電磁気学および演習,後学期,水,4,森永　実,電子工学プログラム,filled,PDF表記「電磁気学および演習（クラスB）」＝電子工学プログラムと判明したため訂正(水3と同一の合併コマと判断)
PHY401m,電磁気学および演習,後学期,金,2,宮本　洋子,物理工学プログラム,filled,指示による
PHY401m,電磁気学および演習,後学期,金,3,宮本　洋子,物理工学プログラム,filled,指示による(金2と同一の合併コマと判断)
PHY401n,電磁気学および演習,後学期,火,1,斎藤　弘樹,機械システムプログラム,filled_propagated,火2限と連続する合併コマ(同一科目・同一曜日・同一教員が複数時限にまたがる講義)と判断し、時間割画像で教員名まで確認済みの2限側のクラス割当をそのまま採用
PHY401n,電磁気学および演習,後学期,火,2,斎藤　弘樹,機械システムプログラム,filled,
PHY401n,電磁気学および演習,後学期,水,3,桂川　眞幸,光工学プログラム,filled,指示による
PHY401n,電磁気学および演習,後学期,水,4,桂川　眞幸,光工学プログラム,filled,指示による(水3と同一の合併コマと判断)
PHY401n,電磁気学および演習,後学期,水,3,森永　実,電子工学プログラム,filled,PDF表記「電磁気学および演習（クラスB）」＝電子工学プログラムと判明したため訂正(元データの2プログラム表記は境界誤検出によるものと判断)
PHY401n,電磁気学および演習,後学期,水,4,森永　実,電子工学プログラム,filled,PDF表記「電磁気学および演習（クラスB）」＝電子工学プログラムと判明したため訂正(水3と同一の合併コマと判断)
PHY401n,電磁気学および演習,後学期,金,2,宮本　洋子,物理工学プログラム,filled,指示による
PHY401n,電磁気学および演習,後学期,金,3,宮本　洋子,物理工学プログラム,filled,指示による(金2と同一の合併コマと判断)
PHY401p,電磁気学および演習,後学期,火,1,斎藤　弘樹,機械システムプログラム,filled_propagated,火2限と連続する合併コマ(同一科目・同一曜日・同一教員が複数時限にまたがる講義)と判断し、時間割画像で教員名まで確認済みの2限側のクラス割当をそのまま採用
PHY401p,電磁気学および演習,後学期,火,2,斎藤　弘樹,機械システムプログラム,filled,
PHY401p,電磁気学および演習,後学期,水,3,桂川　眞幸,光工学プログラム,filled,指示による
PHY401p,電磁気学および演習,後学期,水,4,桂川　眞幸,光工学プログラム,filled,指示による(水3と同一の合併コマと判断)
PHY401p,電磁気学および演習,後学期,水,3,森永　実,電子工学プログラム,filled,PDF表記「電磁気学および演習（クラスB）」＝電子工学プログラムと判明したため訂正(元データの2プログラム表記は境界誤検出によるものと判断)
PHY401p,電磁気学および演習,後学期,水,4,森永　実,電子工学プログラム,filled,PDF表記「電磁気学および演習（クラスB）」＝電子工学プログラムと判明したため訂正(水3と同一の合併コマと判断)
PHY401p,電磁気学および演習,後学期,金,2,宮本　洋子,物理工学プログラム,filled,指示による
PHY401p,電磁気学および演習,後学期,金,3,宮本　洋子,物理工学プログラム,filled,指示による(金2と同一の合併コマと判断)
PHY401r,電磁気学および演習,後学期,火,1,斎藤　弘樹,機械システムプログラム,filled_propagated,火2限と連続する合併コマ(同一科目・同一曜日・同一教員が複数時限にまたがる講義)と判断し、時間割画像で教員名まで確認済みの2限側のクラス割当をそのまま採用
PHY401r,電磁気学および演習,後学期,火,2,斎藤　弘樹,機械システムプログラム,filled,
PHY401r,電磁気学および演習,後学期,水,3,桂川　眞幸,光工学プログラム,filled,指示による
PHY401r,電磁気学および演習,後学期,水,4,桂川　眞幸,光工学プログラム,filled,指示による(水3と同一の合併コマと判断)
PHY401r,電磁気学および演習,後学期,水,3,森永　実,電子工学プログラム,filled,PDF表記「電磁気学および演習（クラスB）」＝電子工学プログラムと判明したため訂正(元データの2プログラム表記は境界誤検出によるものと判断)
PHY401r,電磁気学および演習,後学期,水,4,森永　実,電子工学プログラム,filled,PDF表記「電磁気学および演習（クラスB）」＝電子工学プログラムと判明したため訂正(水3と同一の合併コマと判断)
PHY401r,電磁気学および演習,後学期,金,2,宮本　洋子,物理工学プログラム,filled,指示による
PHY401r,電磁気学および演習,後学期,金,3,宮本　洋子,物理工学プログラム,filled,指示による(金2と同一の合併コマと判断)
PHY402m,波動と光,後学期,月,3,庄司　暁,光工学プログラム,filled,PDF表記「波動と光（クラスC）」＝光工学プログラムと判明したため割当
PHY402m,波動と光,後学期,水,3,浅原　彰文,物理工学プログラム,filled,指示による(元データの「物理工学・化学生命工学」表記はクラスA〜D境界の誤検出によるものと判断し訂正)
PHY402m,波動と光,後学期,金,2,山口　浩一,電子工学プログラム,filled,PDF表記「波動と光（クラスB）」＝電子工学プログラムと判明したため割当(指示による)
PHY402n,波動と光,後学期,月,3,庄司　暁,光工学プログラム,filled,PDF表記「波動と光（クラスC）」＝光工学プログラムと判明したため割当
PHY402n,波動と光,後学期,水,3,浅原　彰文,物理工学プログラム,filled,指示による(元データの「物理工学・化学生命工学」表記はクラスA〜D境界の誤検出によるものと判断し訂正)
PHY402n,波動と光,後学期,金,2,山口　浩一,電子工学プログラム,filled,PDF表記「波動と光（クラスB）」＝電子工学プログラムと判明したため割当(指示による)
PHY402p,波動と光,後学期,月,3,庄司　暁,光工学プログラム,filled,PDF表記「波動と光（クラスC）」＝光工学プログラムと判明したため割当
PHY402p,波動と光,後学期,水,3,浅原　彰文,物理工学プログラム,filled,指示による(元データの「物理工学・化学生命工学」表記はクラスA〜D境界の誤検出によるものと判断し訂正)
PHY402p,波動と光,後学期,金,2,山口　浩一,電子工学プログラム,filled,PDF表記「波動と光（クラスB）」＝電子工学プログラムと判明したため割当(指示による)
PHY402r,波動と光,後学期,月,3,庄司　暁,光工学プログラム,filled,PDF表記「波動と光（クラスC）」＝光工学プログラムと判明したため割当
PHY402r,波動と光,後学期,水,3,浅原　彰文,物理工学プログラム,filled,指示による(元データの「物理工学・化学生命工学」表記はクラスA〜D境界の誤検出によるものと判断し訂正)
PHY402r,波動と光,後学期,金,2,山口　浩一,電子工学プログラム,filled,PDF表記「波動と光（クラスB）」＝電子工学プログラムと判明したため割当(指示による)
PHY501g,電磁気学第二,前学期,火,2,芳原　容英,電子情報学プログラム,filled,
PHY501g,電磁気学第二,前学期,木,2,細川　敬祐,情報通信工学プログラム,filled,
PHY501h,電磁気学第二,前学期,火,2,芳原　容英,電子情報学プログラム,filled,
PHY501h,電磁気学第二,前学期,木,2,細川　敬祐,情報通信工学プログラム,filled,
PHY501m,固体電子論,前学期,木,1,水柿　義直,電子工学プログラム,filled,
PHY501m,固体電子論,前学期,木,1,中村　淳,"光工学プログラム,物理工学プログラム",filled,
PHY501n,固体電子論,前学期,木,1,水柿　義直,電子工学プログラム,filled,
PHY501n,固体電子論,前学期,木,1,中村　淳,"光工学プログラム,物理工学プログラム",filled,
PHY501p,物理工学実験第一,前学期,水,2,宮本・池田・岩國・谷口・丹治・Nayak・落合（全担当者はその他欄に記載）,物理工学プログラム,filled,科目名がそのままプログラム名に対応する科目のため(指示により確認済み)、当該プログラムに一意に割り当てた
PHY501p,物理工学実験第一,前学期,水,3,宮本・池田・岩國・谷口・丹治・Nayak・落合（全担当者はその他欄に記載）,物理工学プログラム,filled,科目名がそのままプログラム名に対応する科目のため(指示により確認済み)、当該プログラムに一意に割り当てた
PHY501p,物理工学実験第一,前学期,水,4,宮本・池田・岩國・谷口・丹治・Nayak・落合（全担当者はその他欄に記載）,物理工学プログラム,filled,科目名がそのままプログラム名に対応する科目のため(指示により確認済み)、当該プログラムに一意に割り当てた
PHY501p,物理工学実験第一,前学期,木,2,宮本・池田・岩國・谷口・丹治・Nayak・落合（全担当者はその他欄に記載）,物理工学プログラム,filled,科目名がそのままプログラム名に対応する科目のため(指示により確認済み)、当該プログラムに一意に割り当てた
PHY501p,物理工学実験第一,前学期,木,3,宮本・池田・岩國・谷口・丹治・Nayak・落合（全担当者はその他欄に記載）,物理工学プログラム,filled,科目名がそのままプログラム名に対応する科目のため(指示により確認済み)、当該プログラムに一意に割り当てた
PHY501p,物理工学実験第一,前学期,木,4,宮本・池田・岩國・谷口・丹治・Nayak・落合（全担当者はその他欄に記載）,物理工学プログラム,filled,科目名がそのままプログラム名に対応する科目のため(指示により確認済み)、当該プログラムに一意に割り当てた
PHY507p,固体電子論,前学期,木,1,水柿　義直,電子工学プログラム,filled,
PHY507p,固体電子論,前学期,木,1,中村　淳,"光工学プログラム,物理工学プログラム",filled,
PHY601n,光電子材料学,後学期,火,4,上野　芳康,光工学プログラム,filled,
PHY601n,光電子材料学,後学期,木,3,山口　浩一,電子工学プログラム,filled,
PHY603m,光電子材料学,後学期,火,4,上野　芳康,光工学プログラム,filled,
PHY603m,光電子材料学,後学期,木,3,山口　浩一,電子工学プログラム,filled,
PHY603n,熱・統計物理学応用,後学期,木,4,佐々木　成朗,"電子工学プログラム,光工学プログラム,物理工学プログラム",filled,
PHY603n,熱・統計物理学応用,後学期,木,4,長谷川　景郁,"電子工学プログラム,光工学プログラム,物理工学プログラム",filled,
PHY603p,熱・統計物理学応用,後学期,木,4,佐々木　成朗,"電子工学プログラム,光工学プログラム,物理工学プログラム",filled,
PHY603p,熱・統計物理学応用,後学期,木,4,長谷川　景郁,"電子工学プログラム,光工学プログラム,物理工学プログラム",filled,
PHY605m,熱・統計物理学応用,後学期,木,4,佐々木　成朗,"電子工学プログラム,光工学プログラム,物理工学プログラム",filled,
PHY605m,熱・統計物理学応用,後学期,木,4,長谷川　景郁,"電子工学プログラム,光工学プログラム,物理工学プログラム",filled,
RUS101z,露語第一,前学期,月,2,金沢　友緒,"クラス1,クラス2,クラス7,クラス8,クラス11,クラス12",filled,
RUS101z,露語第一,前学期,月,3,鈴木　佑梨,"クラス3,クラス4,クラス5,クラス6,クラス9,クラス10",filled,
RUS101z,露語第一(再履),前学期,月,4,鈴木　佑梨,再履生,filled,4限枠は再履修クラスのため、指示によりクラスIDを「再履生」とし科目名に(再履)を付記した
RUS201z,露語第二,後学期,月,2,金沢　友緒,"クラス1,クラス2,クラス7,クラス8,クラス11,クラス12",filled,
RUS201z,露語第二,後学期,月,3,鈴木　佑梨,"クラス3,クラス4,クラス5,クラス6,クラス9,クラス10",filled,
RUS201z,露語第二(再履),後学期,月,4,鈴木　佑梨,再履生,filled,4限枠は再履修クラスのため、指示によりクラスIDを「再履生」とし科目名に(再履)を付記した
COM403i,計算機工学,後学期,木,2,遠藤,Mエリア,filled,「計算機工学」はMエリア対象科目(指示による)
COM403j,計算機工学,後学期,木,2,遠藤,Mエリア,filled,「計算機工学」はMエリア対象科目(指示による)
COM402m,計算機工学,後学期,木,2,遠藤,"機械システムプログラム,電子工学プログラム,光工学プログラム,物理工学プログラム,化学生命工学プログラム",filled,「計算機工学」は三類全プログラムが対象(指示による)
COM402n,計算機工学,後学期,木,2,遠藤,"機械システムプログラム,電子工学プログラム,光工学プログラム,物理工学プログラム,化学生命工学プログラム",filled,「計算機工学」は三類全プログラムが対象(指示による)
COM402p,計算機工学,後学期,木,2,遠藤,"機械システムプログラム,電子工学プログラム,光工学プログラム,物理工学プログラム,化学生命工学プログラム",filled,「計算機工学」は三類全プログラムが対象(指示による)
COM402r,計算機工学,後学期,木,2,遠藤,"機械システムプログラム,電子工学プログラム,光工学プログラム,物理工学プログラム,化学生命工学プログラム",filled,「計算機工学」は三類全プログラムが対象(指示による)
